ID,Local_ID,Language_ID,Parameter_ID,Value,Form,Segments,Comment,Source,Cognacy,Loan,Graphemes,Profile
MiddleChinese-232_theaxe-1,,MiddleChinese,232_theaxe,pjuX,pjuX,p j u X/¹⁵,,Zhang2019,,,^p j u X$,default
OldChinese-232_theaxe-1,,OldChinese,232_theaxe,*praʔ,praʔ,p r a ʔ,,Baxter2014,,,^p r a ʔ$,default
CogtseSitu-232_theaxe-1,,CogtseSitu,232_theaxe,ʃa-rpâ,ʃa+rpâ,ʃ a + r p â,,Zhang2019,,,^ʃ a + r p â$,default
BragbarSitu-232_theaxe-1,,BragbarSitu,232_theaxe,ɕa-rpiɛ̂,ɕa+rpiɛ̂,ɕ a + r p i ɛ̂,,Zhang2019,,,^ɕ a + r p i ɛ̂$,default
Japhug-232_theaxe-1,,Japhug,232_theaxe,tɯ-rpa,tɯ+rpa,t ɯ + r p a,,Zhang2019,,,^t ɯ + r p a$,default
MiddleChinese-191_descend-1,,MiddleChinese,191_descend,ɣæH,ɣæH,ɣ æ H/⁵¹,,Zhang2019,,,^ɣ æ H$,default
OldChinese-191_descend-1,,OldChinese,191_descend,*mgˤraʔs,mgˤraʔs,m gˤ r a ʔ s,,Baxter2014,,,^m gˤ r a ʔ s$,default
CogtseSitu-191_descend-1,,CogtseSitu,191_descend,kɐ-ŋgrɐ̂k,kɐ+ŋgrɐ̂k,k ɐ + ŋ g r ɐ̂ k,,Zhang2019,,,^k ɐ + ŋ g r ɐ̂ k$,default
BragbarSitu-191_descend-1,,BragbarSitu,191_descend,kə-.griɛ̂,kə+.griɛ̂,k ə + g r i ɛ̂,,Zhang2019,,,^k ə + . g r i ɛ̂$,default
Japhug-191_descend-1,,Japhug,191_descend,ŋgra,ŋgra,ŋ g r a,,Zhang2019,,,^ŋ g r a$,default
MiddleChinese-285_torevive-1,,MiddleChinese,285_torevive,su,su,s u,,Zhang2019,,,^s u$,default
OldChinese-285_torevive-1,,OldChinese,285_torevive,*sŋˤa,sŋˤa,s ŋˤ a,,Baxter2014,,,^s ŋˤ a$,default
CogtseSitu-285_torevive-1,,CogtseSitu,285_torevive,kə-mə-sŋâr,kə+mə+sŋâr,k ə + m ə + s ŋ â r,,Zhang2019,,,^k ə + m ə + s ŋ â r$,default
BragbarSitu-285_torevive-1,,BragbarSitu,285_torevive,kə-mə-sŋiɛ̂r,kə+mə+sŋiɛ̂r,k ə + m ə + s ŋ i ɛ̂ r,,Zhang2019,,,^k ə + m ə + s ŋ i ɛ̂ r$,default
Japhug-285_torevive-1,,Japhug,285_torevive,sŋa,sŋa,s ŋ a,,Zhang2019,,,^s ŋ a$,default
MiddleChinese-209_i-1,,MiddleChinese,209_i,ŋu,ŋu,ŋ u,,Zhang2019,,,^ŋ u$,default
OldChinese-209_i-1,,OldChinese,209_i,*ŋˤa,ŋˤa,ŋˤ a,,Baxter2014,,,^ŋˤ a$,default
CogtseSitu-209_i-1,,CogtseSitu,209_i,ŋā,ŋā,ŋ ā,,Zhang2019,,,^ŋ ā$,default
BragbarSitu-209_i-1,,BragbarSitu,209_i,ŋā,ŋā,ŋ ā,,Zhang2019,,,^ŋ ā$,default
Japhug-209_i-1,,Japhug,209_i,a-ʑo,a+ʑo,a + ʑ o,,Zhang2019,,,^a + ʑ o$,default
MiddleChinese-210_tochew-1,,MiddleChinese,210_tochew,dzjoX,dzjoX,d z j o X/¹⁵,,Zhang2019,,,^d z j o X$,default
OldChinese-210_tochew-1,,OldChinese,210_tochew,*dzaʔ,dzaʔ,d z a ʔ,,Baxter2014,,,^d z a ʔ$,default
CogtseSitu-210_tochew-1,,CogtseSitu,210_tochew,ka-zā,ka+zā,k a + z ā,,Zhang2019,,,^k a + z ā$,default
BragbarSitu-210_tochew-1,,BragbarSitu,210_tochew,ka-ndziɛ̂,ka+ndziɛ̂,k a + n d z i ɛ̂,,Zhang2019,,,^k a + n d z i ɛ̂$,default
Japhug-210_tochew-1,,Japhug,210_tochew,ndza,ndza,n d z a,,Zhang2019,,,^n d z a$,default
Tibetan-210_tochew-1,,Tibetan,210_tochew,za-ba,za+ba,z a + b a,,Zhang2019,,,^z a + b a$,default
MiddleChinese-196_five-1,,MiddleChinese,196_five,ŋuX,ŋuX,ŋ u X/¹⁵,,Zhang2019,,,^ŋ u X$,default
OldChinese-196_five-1,,OldChinese,196_five,*Cŋˤaʔ,Cŋˤaʔ,ŋˤ a ʔ,,Baxter2014,,,^C ŋˤ a ʔ$,default
CogtseSitu-196_five-1,,CogtseSitu,196_five,kəmŋô,kəmŋô,k ə m ŋ ô,,Zhang2019,,,^k ə m ŋ ô$,default
BragbarSitu-196_five-1,,BragbarSitu,196_five,kəmŋâj,kəmŋâj,k ə m ŋ â j,,Zhang2019,,,^k ə m ŋ â j$,default
Japhug-196_five-1,,Japhug,196_five,kɯmŋu,kɯmŋu,k ɯ m ŋ u,,Zhang2019,,,^k ɯ m ŋ u$,default
Tibetan-196_five-1,,Tibetan,196_five,lnga,lnga,l ŋ a,,Zhang2019,,,^l ng a$,default
MiddleChinese-214_thenight-1,,MiddleChinese,214_thenight,jæH,jæH,j æ H/⁵¹,,Zhang2019,,,^j æ H$,default
OldChinese-214_thenight-1,,OldChinese,214_thenight,*ɢAks,ɢAks,ɢ ɑ k s,,Baxter2014,,,^ɢ A k s$,default
BragbarSitu-214_thenight-1,,BragbarSitu,214_thenight,rə-ɟāk,rə+ɟāk,r ə + ɟ ā k,,Zhang2019,,,^r ə + ɟ ā k$,default
Japhug-214_thenight-1,,Japhug,214_thenight,tɤ-rʑaʁ,tɤ+rʑaʁ,t ɤ + r ʑ a ʁ,,Zhang2019,,,^t ɤ + rʑ a ʁ$,default
Tibetan-214_thenight-1,,Tibetan,214_thenight,zhag,zhag,ʑ a g,,Zhang2019,,,^zh a g$,default
MiddleChinese-198_thechild-1,,MiddleChinese,198_thechild,ɲe,ɲe,ɲ e,,Zhang2019,,,^ɲ e$,default
OldChinese-198_thechild-1,,OldChinese,198_thechild,*ŋe,ŋe,ŋ e,,Baxter2014,,,^ŋ e$,default
CogtseSitu-198_thechild-1,,CogtseSitu,198_thechild,kʰo-lŋâ,kʰo+lŋâ,kʰ o + l ŋ â,,Zhang2019,,,^kʰ o + l ŋ â$,default
BragbarSitu-198_thechild-1,,BragbarSitu,198_thechild,tapə-rŋiɛ̂,tapə+rŋiɛ̂,t a p ə + r ŋ i ɛ̂,,Zhang2019,,,^t a p ə + r ŋ i ɛ̂$,default
Japhug-198_thechild-1,,Japhug,198_thechild,nɤ-rŋi,nɤ+rŋi,n ɤ + r ŋ i,,Zhang2019,,,^n ɤ + r ŋ i$,default
MiddleChinese-306_thethighbone-1,,MiddleChinese,306_thethighbone,bejX,bejX,b e j X/¹⁵,,Zhang2019,,,^b e j X$,default
OldChinese-306_thethighbone-1,,OldChinese,306_thethighbone,*mpˤeʔ,mpˤeʔ,m pˤ e ʔ,,Baxter2014,,,^m pˤ e ʔ$,default
Japhug-306_thethighbone-1,,Japhug,306_thethighbone,tɯ-χpɣi,tɯ+χpɣi,t ɯ + χ p ɣ i,,Zhang2019,,,^t ɯ + χ p ɣ i$,default
Tibetan-306_thethighbone-1,,Tibetan,306_thethighbone,dphyi,dphyi,d pʰ j i,,Zhang2019,,,^d phy i$,default
MiddleChinese-220_berich-1,,MiddleChinese,220_berich,pjuwH,pjuwH,p j u w H/⁵¹,,Zhang2019,,,^p j u w H$,default
OldChinese-220_berich-1,,OldChinese,220_berich,*pəks,pəks,p ə k s,,Baxter2014,,,^p ə k s$,default
CogtseSitu-220_berich-1,,CogtseSitu,220_berich,pāk,pāk,p ā k,,Zhang2019,,,^p ā k$,default
BragbarSitu-220_berich-1,,BragbarSitu,220_berich,piāk,piāk,p i ā k,,Zhang2019,,,^p i ā k$,default
Japhug-220_berich-1,,Japhug,220_berich,paʁ,paʁ,p a ʁ,,Zhang2019,,,^p a ʁ$,default
Tibetan-220_berich-1,,Tibetan,220_berich,phag,phag,pʰ a g,,Zhang2019,,,^ph a g$,default
MiddleChinese-218_theson-1,,MiddleChinese,218_theson,tsiX,tsiX,ts i X/¹⁵,,Zhang2019,,,^ts i X$,default
OldChinese-218_theson-1,,OldChinese,218_theson,*tsəʔ,tsəʔ,ts ə ʔ,,Baxter2014,,,^ts ə ʔ$,default
BragbarSitu-218_theson-1,,BragbarSitu,218_theson,ta-'tsa-pu,ta+'tsa+pu,t a + ts a + p u,,Zhang2019,,,^t a + 'ts a + p u$,default
Japhug-218_theson-1,,Japhug,218_theson,tɯ-ftsa,tɯ+ftsa,t ɯ + f ts a,,Zhang2019,,,^t ɯ + f ts a$,default
Tibetan-218_theson-1,,Tibetan,218_theson,tsha-po,tsha+po,tsʰ a + p o,,Zhang2019,,,^tsh a + p o$,default
MiddleChinese-290_thefurgarment-1,,MiddleChinese,290_thefurgarment,gjuw,gjuw,g j u w,,Zhang2019,,,^g j u w$,default
OldChinese-290_thefurgarment-1,,OldChinese,290_thefurgarment,*gʷə,gʷə,gʷ ə,,Baxter2014,,,^gʷ ə$,default
CogtseSitu-290_thefurgarment-1,,CogtseSitu,290_thefurgarment,tə-wɐ̂,tə+wɐ̂,t ə + w ɐ̂,,Zhang2019,,,^t ə + w ɐ̂$,default
BragbarSitu-290_thefurgarment-1,,BragbarSitu,290_thefurgarment,tə-ŋgâ,tə+ŋgâ,t ə + ŋ g â,,Zhang2019,,,^t ə + ŋ g â$,default
Japhug-290_thefurgarment-1,,Japhug,290_thefurgarment,ŋga,ŋga,ŋ g a,,Zhang2019,,,^ŋ g a$,default
Tibetan-290_thefurgarment-1,,Tibetan,290_thefurgarment,gos,gos,g o s,,Zhang2019,,,^g o s$,default
MiddleChinese-270_theear-1,,MiddleChinese,270_theear,ɲiX,ɲiX,ɲ i X/¹⁵,,Zhang2019,,,^ɲ i X$,default
OldChinese-270_theear-1,,OldChinese,270_theear,*Cnəʔ,Cnəʔ,n ə ʔ,,Baxter2014,,,^C n ə ʔ$,default
CogtseSitu-270_theear-1,,CogtseSitu,270_theear,tə-rnâ,tə+rnâ,t ə + r n â,,Zhang2019,,,^t ə + r n â$,default
BragbarSitu-270_theear-1,,BragbarSitu,270_theear,tə-rniɛ̂,tə+rniɛ̂,t ə + r n i ɛ̂,,Zhang2019,,,^t ə + r n i ɛ̂$,default
Japhug-270_theear-1,,Japhug,270_theear,tɯ-rna,tɯ+rna,t ɯ + r n a,,Zhang2019,,,^t ɯ + r n a$,default
Tibetan-270_theear-1,,Tibetan,270_theear,rna,rna,r n a,,Zhang2019,,,^r n a$,default
MiddleChinese-253_thebovine-1,,MiddleChinese,253_thebovine,ŋjuw,ŋjuw,ŋ j u w,,Zhang2019,,,^ŋ j u w$,default
OldChinese-253_thebovine-1,,OldChinese,253_thebovine,*ŋʷə,ŋʷə,ŋʷ ə,,Baxter2014,,,^ŋʷ ə$,default
CogtseSitu-253_thebovine-1,,CogtseSitu,253_thebovine,nəŋâ,nəŋâ,n ə ŋ â,,Zhang2019,,,^n ə ŋ â$,default
BragbarSitu-253_thebovine-1,,BragbarSitu,253_thebovine,nəŋiɛ̂,nəŋiɛ̂,n ə ŋ i ɛ̂,,Zhang2019,,,^n ə ŋ i ɛ̂$,default
Japhug-253_thebovine-1,,Japhug,253_thebovine,nɯŋa,nɯŋa,n ɯ ŋ a,,Zhang2019,,,^n ɯ ŋ a$,default
Zbu-253_thebovine-1,,Zbu,253_thebovine,ŋwéʔ,ŋwéʔ,ŋ w é ʔ,,Zhang2019,,,^ŋw é ʔ$,default
MiddleChinese-213_tosit-1,,MiddleChinese,213_tosit,dzwaX,dzwaX,d z w a X/¹⁵,,Zhang2019,,,^d zw a X$,default
OldChinese-213_tosit-1,,OldChinese,213_tosit,*dzˤojʔ,dzˤojʔ,d zˤ o j ʔ,,Baxter2014,,,^d zˤ o j ʔ$,default
Japhug-213_tosit-1,,Japhug,213_tosit,a-mdzɯ,a+mdzɯ,a + m d z ɯ,,Zhang2019,,,^a + m d z ɯ$,default
MiddleChinese-194_thebreast-1,,MiddleChinese,194_thebreast,ɲuX,ɲuX,ɲ u X/¹⁵,,Zhang2019,,,^ɲ u X$,default
OldChinese-194_thebreast-1,,OldChinese,194_thebreast,*noʔ,noʔ,n o ʔ,,Baxter2014,,,^n o ʔ$,default
CogtseSitu-194_thebreast-1,,CogtseSitu,194_thebreast,tə-nū,tə+nū,t ə + n ū,,Zhang2019,,,^t ə + n ū$,default
BragbarSitu-194_thebreast-1,,BragbarSitu,194_thebreast,tə-nū,tə+nū,t ə + n ū,,Zhang2019,,,^t ə + n ū$,default
Japhug-194_thebreast-1,,Japhug,194_thebreast,tɯ-nɯ,tɯ+nɯ,t ɯ + n ɯ,,Zhang2019,,,^t ɯ + n ɯ$,default
Tibetan-194_thebreast-1,,Tibetan,194_thebreast,nu-ma,nu+ma,n u + m a,,Zhang2019,,,^n u + m a$,default
MiddleChinese-208_thesovereignqueen-1,,MiddleChinese,208_thesovereignqueen,ɣuwX,ɣuwX,ɣ u w X/¹⁵,,Zhang2019,,,^ɣ u w X$,default
OldChinese-208_thesovereignqueen-1,,OldChinese,208_thesovereignqueen,*ɢˤroʔ,ɢˤroʔ,ɢˤ r o ʔ,,Baxter2014,,,^ɢˤ r o ʔ$,default
CogtseSitu-208_thesovereignqueen-1,,CogtseSitu,208_thesovereignqueen,ta-kō,ta+kō,t a + k ō,,Zhang2019,,,^t a + k ō$,default
BragbarSitu-208_thesovereignqueen-1,,BragbarSitu,208_thesovereignqueen,ta-wô,ta+wô,t a + w ô,,Zhang2019,,,^t a + w ô$,default
Japhug-208_thesovereignqueen-1,,Japhug,208_thesovereignqueen,tɯ-ku,tɯ+ku,t ɯ + k u,,Zhang2019,,,^t ɯ + k u$,default
Tibetan-208_thesovereignqueen-1,,Tibetan,208_thesovereignqueen,mgo,mgo,m g o,,Zhang2019,,,^m g o$,default
MiddleChinese-225_after-1,,MiddleChinese,225_after,ɣuwX,ɣuwX,ɣ u w X/¹⁵,,Zhang2019,,,^ɣ u w X$,default
OldChinese-225_after-1,,OldChinese,225_after,*ɢˤroʔ,ɢˤroʔ,ɢˤ r o ʔ,,Baxter2014,,,^ɢˤ r o ʔ$,default
CogtseSitu-225_after-1,,CogtseSitu,225_after,mə-ŋkʰū,mə+ŋkʰū,m ə + ŋ kʰ ū,,Zhang2019,,,^m ə + ŋ kʰ ū$,default
BragbarSitu-225_after-1,,BragbarSitu,225_after,mə-ŋkʰū,mə+ŋkʰū,m ə + ŋ kʰ ū,,Zhang2019,,,^m ə + ŋ kʰ ū$,default
Japhug-225_after-1,,Japhug,225_after,ma-qʰu,ma+qʰu,m a + qʰ u,,Zhang2019,,,^m a + qʰ u$,default
MiddleChinese-275_theinternalorgans-1,,MiddleChinese,275_theinternalorgans,pjuX,pjuX,p j u X/¹⁵,,Zhang2019,,,^p j u X$,default
OldChinese-275_theinternalorgans-1,,OldChinese,275_theinternalorgans,*poʔ,poʔ,p o ʔ,,Baxter2014,,,^p o ʔ$,default
CogtseSitu-275_theinternalorgans-1,,CogtseSitu,275_theinternalorgans,tə-po-lɐɱtʃê,tə+po+lɐɱtʃê,t ə + p o + l ɐ ɱ tʃ ê,,Zhang2019,,,^t ə + p o + l ɐ ɱ tʃ ê$,default
BragbarSitu-275_theinternalorgans-1,,BragbarSitu,275_theinternalorgans,vo-loŋtɕâ,vo+loŋtɕâ,v o + l o ŋ tɕ â,,Zhang2019,,,^v o + l o ŋ tɕ â$,default
Japhug-275_theinternalorgans-1,,Japhug,275_theinternalorgans,tɯ-pu,tɯ+pu,t ɯ + p u,,Zhang2019,,,^t ɯ + p u$,default
MiddleChinese-295_thebody-1,,MiddleChinese,295_thebody,khju,khju,kʰ j u,,Zhang2019,,,^kh j u$,default
OldChinese-295_thebody-1,,OldChinese,295_thebody,*kʰro,kʰro,kʰ r o,,Baxter2014,,,^kʰ r o$,default
CogtseSitu-295_thebody-1,,CogtseSitu,295_thebody,tə-skrū,tə+skrū,t ə + s k r ū,,Zhang2019,,,^t ə + s k r ū$,default
BragbarSitu-295_thebody-1,,BragbarSitu,295_thebody,tə-skrū,tə+skrū,t ə + s k r ū,,Zhang2019,,,^t ə + s k r ū$,default
Japhug-295_thebody-1,,Japhug,295_thebody,tɯ-skʰrɯ,tɯ+skʰrɯ,t ɯ + s kʰ r ɯ,,Zhang2019,,,^t ɯ + s kʰ r ɯ$,default
Tibetan-295_thebody-1,,Tibetan,295_thebody,sku,sku,s k u,,Zhang2019,,,^s k u$,default
MiddleChinese-212_tovomit-1,,MiddleChinese,212_tovomit,ʔuwX,ʔuwX,ʔ u w X/¹⁵,,Zhang2019,,,^ʔ u w X$,default
OldChinese-212_tovomit-1,,OldChinese,212_tovomit,*qˤroʔ,qˤroʔ,qˤ r o ʔ,,Baxter2014,,,^qˤ r o ʔ$,default
Japhug-212_tovomit-1,,Japhug,212_tovomit,qioʁ,qioʁ,q i o ʁ,,Zhang2019,,,^q i o ʁ$,default
Tibetan-212_tovomit-1,,Tibetan,212_tovomit,skyug,skyug,s c u g,,Zhang2019,,,^s ky u g$,default
MiddleChinese-197_toprotect-1,,MiddleChinese,197_toprotect,pawX,pawX,p a w X/¹⁵,,Zhang2019,,,^p a w X$,default
OldChinese-197_toprotect-1,,OldChinese,197_toprotect,*pˤuʔ,pˤuʔ,pˤ u ʔ,,Baxter2014,,,^pˤ u ʔ$,default
BragbarSitu-197_toprotect-1,,BragbarSitu,197_toprotect,u-pû ka-viɛ̂,u+pû ka+viɛ̂,u + p û + k a + v i ɛ̂,,Zhang2019,,,^u + p û + k a + v i ɛ̂$,default
Japhug-197_toprotect-1,,Japhug,197_toprotect,ɯ-pɯ kɤ-pa,ɯ+pɯ kɤ+pa,ɯ + p ɯ + k ɤ + p a,,Zhang2019,,,^ɯ + p ɯ + k ɤ + p a$,default
MiddleChinese-244_tofloat-1,,MiddleChinese,244_tofloat,bjuw,bjuw,b j u w,,Zhang2019,,,^b j u w$,default
OldChinese-244_tofloat-1,,OldChinese,244_tofloat,*mbru,mbru,m b r u,,Baxter2014,,,^m b r u$,default
BragbarSitu-244_tofloat-1,,BragbarSitu,244_tofloat,ʑbrū,ʑbrū,ʑ b r ū,,Zhang2019,,,^ʑ b r ū$,default
Japhug-244_tofloat-1,,Japhug,244_tofloat,ʑmbrɯ,ʑmbrɯ,ʑ m b r ɯ,,Zhang2019,,,^ʑ m b r ɯ$,default
MiddleChinese-224_thehat-1,,MiddleChinese,224_thehat,mawH,mawH,m a w H/⁵¹,,Zhang2019,,,^m a w H$,default
OldChinese-224_thehat-1,,OldChinese,224_thehat,*mˤuks,mˤuks,mˤ u k s,,Baxter2014,,,^mˤ u k s$,default
CogtseSitu-224_thehat-1,,CogtseSitu,224_thehat,tɐ-jmok,tɐ+jmok,t ɐ + j m o k,,Zhang2019,,,^t ɐ + j m o k$,default
BragbarSitu-224_thehat-1,,BragbarSitu,224_thehat,ta-jmōk,ta+jmōk,t a + j m ō k,,Zhang2019,,,^t a + j m ō k$,default
Japhug-224_thehat-1,,Japhug,224_thehat,tɤ-jmɤɣ,tɤ+jmɤɣ,t ɤ + j m ɤ ɣ,,Zhang2019,,,^t ɤ + j m ɤ ɣ$,default
Tibetan-224_thehat-1,,Tibetan,224_thehat,rmog,rmog,r m o g,,Zhang2019,,,^r m o g$,default
MiddleChinese-276_thebrain-1,,MiddleChinese,276_thebrain,nawX,nawX,n a w X/¹⁵,,Zhang2019,,,^n a w X$,default
OldChinese-276_thebrain-1,,OldChinese,276_thebrain,*nˤuʔ,nˤuʔ,nˤ u ʔ,,Baxter2014,,,^nˤ u ʔ$,default
CogtseSitu-276_thebrain-1,,CogtseSitu,276_thebrain,tə-rnōk,tə+rnōk,t ə + r n ō k,,Zhang2019,,,^t ə + r n ō k$,default
BragbarSitu-276_thebrain-1,,BragbarSitu,276_thebrain,ta-rnōk,ta+rnōk,t a + r n ō k,,Zhang2019,,,^t a + r n ō k$,default
Japhug-276_thebrain-1,,Japhug,276_thebrain,tɯ-rnoʁ,tɯ+rnoʁ,t ɯ + r n o ʁ,,Zhang2019,,,^t ɯ + r n o ʁ$,default
MiddleChinese-271_theelbow-1,,MiddleChinese,271_theelbow,ʈjuwX,ʈjuwX,ʈ j u w X/¹⁵,,Zhang2019,,,^ʈ j u w X$,default
OldChinese-271_theelbow-1,,OldChinese,271_theelbow,*tkruʔ,tkruʔ,t k r u ʔ,,Baxter2014,,,^t k r u ʔ$,default
CogtseSitu-271_theelbow-1,,CogtseSitu,271_theelbow,tə-krū,tə+krū,t ə + k r ū,,Zhang2019,,,^t ə + k r ū$,default
BragbarSitu-271_theelbow-1,,BragbarSitu,271_theelbow,tə-krû,tə+krû,t ə + k r û,,Zhang2019,,,^t ə + k r û$,default
Japhug-271_theelbow-1,,Japhug,271_theelbow,tɯ-zgrɯ,tɯ+zgrɯ,t ɯ + z g r ɯ,,Zhang2019,,,^t ɯ + z g r ɯ$,default
Tibetan-271_theelbow-1,,Tibetan,271_theelbow,grumo,grumo,g r u m o,,Zhang2019,,,^g r u m o$,default
MiddleChinese-251_theclaw-1,,MiddleChinese,251_theclaw,tʂæwX,tʂæwX,ʈʂ æ w X/¹⁵,,Zhang2019,,,^tʂ æ w X$,default
OldChinese-251_theclaw-1,,OldChinese,251_theclaw,*tsˤruʔ,tsˤruʔ,tsˤ r u ʔ,,Baxter2014,,,^tsˤ r u ʔ$,default
CogtseSitu-251_theclaw-1,,CogtseSitu,251_theclaw,ta-ndzrū,ta+ndzrū,t a + n d z r ū,,Zhang2019,,,^t a + n d z r ū$,default
BragbarSitu-251_theclaw-1,,BragbarSitu,251_theclaw,ta-ndzrū,ta+ndzrū,t a + n d z r ū,,Zhang2019,,,^t a + n d z r ū$,default
Japhug-251_theclaw-1,,Japhug,251_theclaw,tɯ-ndzrɯ,tɯ+ndzrɯ,t ɯ + n d z r ɯ,,Zhang2019,,,^t ɯ + n d z r ɯ$,default
MiddleChinese-193_nine-1,,MiddleChinese,193_nine,kjuwX,kjuwX,k j u w X/¹⁵,,Zhang2019,,,^k j u w X$,default
OldChinese-193_nine-1,,OldChinese,193_nine,*kuʔ,kuʔ,k u ʔ,,Baxter2014,,,^k u ʔ$,default
CogtseSitu-193_nine-1,,CogtseSitu,193_nine,kəngû,kəngû,k ə ŋ û,,Zhang2019,,,^k ə ng û$,default
BragbarSitu-193_nine-1,,BragbarSitu,193_nine,kəngû,kəngû,k ə ŋ û,,Zhang2019,,,^k ə ng û$,default
Japhug-193_nine-1,,Japhug,193_nine,ngɯt,ngɯt,n g ɯ t,,Zhang2019,,,^n g ɯ t$,default
Tibetan-193_nine-1,,Tibetan,193_nine,dgu,dgu,d g u,,Zhang2019,,,^d g u$,default
MiddleChinese-279_thematernaluncle-1,,MiddleChinese,279_thematernaluncle,gjuwX,gjuwX,g j u w X/¹⁵,,Zhang2019,,,^g j u w X$,default
OldChinese-279_thematernaluncle-1,,OldChinese,279_thematernaluncle,*gruʔ,gruʔ,g r u ʔ,,Baxter2014,,,^g r u ʔ$,default
BragbarSitu-279_thematernaluncle-1,,BragbarSitu,279_thematernaluncle,a-kû,a+kû,a + k û,,Zhang2019,,,^a + k û$,default
Tibetan-279_thematernaluncle-1,,Tibetan,279_thematernaluncle,a-khu,a+khu,a + kʰ u,,Zhang2019,,,^a + kh u$,default
MiddleChinese-252_thefather-1,,MiddleChinese,252_thefather,pjuX,pjuX,p j u X/¹⁵,,Zhang2019,,,^p j u X$,default
OldChinese-252_thefather-1,,OldChinese,252_thefather,*Npraʔ,Npraʔ,N/n p r a ʔ,,Baxter2014,,,^N p r a ʔ$,default
Tibetan-252_thefather-1,,Tibetan,252_thefather,pha,pha,pʰ a,,Zhang2019,,,^ph a$,default
MiddleChinese-302_thealliumtuberosum-1,,MiddleChinese,302_thealliumtuberosum,kjuwX,kjuwX,k j u w X/¹⁵,,Zhang2019,,,^k j u w X$,default
OldChinese-302_thealliumtuberosum-1,,OldChinese,302_thealliumtuberosum,*skruʔ,skruʔ,s k r u ʔ,,Baxter2014,,,^s k r u ʔ$,default
CogtseSitu-302_thealliumtuberosum-1,,CogtseSitu,302_thealliumtuberosum,ʃkō,ʃkō,ʃ k ō,,Zhang2019,,,^ʃ k ō$,default
BragbarSitu-302_thealliumtuberosum-1,,BragbarSitu,302_thealliumtuberosum,ɕkō,ɕkō,ɕ k ō,,Zhang2019,,,^ɕ k ō$,default
Japhug-302_thealliumtuberosum-1,,Japhug,302_thealliumtuberosum,ɕku,ɕku,ɕ k u,,Zhang2019,,,^ɕ k u$,default
Tibetan-302_thealliumtuberosum-1,,Tibetan,302_thealliumtuberosum,sgog-pa,sgog+pa,s g o g + p a,,Zhang2019,,,^s g o g + p a$,default
MiddleChinese-258_hundred-1,,MiddleChinese,258_hundred,pæk,pæk,p æ k,,Zhang2019,,,^p æ k$,default
OldChinese-258_hundred-1,,OldChinese,258_hundred,*pˤrak,pˤrak,pˤ r a k,,Baxter2014,,,^pˤ r a k$,default
CogtseSitu-258_hundred-1,,CogtseSitu,258_hundred,pərjâ,pərjâ,p ə r j â,,Zhang2019,,,^p ə r j â$,default
BragbarSitu-258_hundred-1,,BragbarSitu,258_hundred,pərɟē,pərɟē,p ə r ɟ ē,,Zhang2019,,,^p ə r ɟ ē$,default
Japhug-258_hundred-1,,Japhug,258_hundred,ɣurʑa,ɣurʑa,ɣ u r ʑ a,,Zhang2019,,,^ɣ u rʑ a$,default
Tibetan-258_hundred-1,,Tibetan,258_hundred,brgja,brgja,b r g j a,,Zhang2019,,,^b r g j a$,default
MiddleChinese-278_theshoulderblade-1,,MiddleChinese,278_theshoulderblade,phak,phak,pʰ a k,,Zhang2019,,,^ph a k$,default
OldChinese-278_theshoulderblade-1,,OldChinese,278_theshoulderblade,*pʰˤak,pʰˤak,pʰˤ a k,,Baxter2014,,,^pʰˤ a k$,default
CogtseSitu-278_theshoulderblade-1,,CogtseSitu,278_theshoulderblade,ta-rpāk,ta+rpāk,t a + r p ā k,,Zhang2019,,,^t a + r p ā k$,default
BragbarSitu-278_theshoulderblade-1,,BragbarSitu,278_theshoulderblade,ta-rpiāk,ta+rpiāk,t a + r p i ā k,,Zhang2019,,,^t a + r p i ā k$,default
Japhug-278_theshoulderblade-1,,Japhug,278_theshoulderblade,tɯ-rpaʁ,tɯ+rpaʁ,t ɯ + r p a ʁ,,Zhang2019,,,^t ɯ + r p a ʁ$,default
Tibetan-278_theshoulderblade-1,,Tibetan,278_theshoulderblade,phrag,phrag,pʰ r a g,,Zhang2019,,,^ph r a g$,default
MiddleChinese-283_bethin-1,,MiddleChinese,283_bethin,bak,bak,b a k,,Zhang2019,,,^b a k$,default
OldChinese-283_bethin-1,,OldChinese,283_bethin,*bˤak,bˤak,bˤ a k,,Baxter2014,,,^bˤ a k$,default
CogtseSitu-283_bethin-1,,CogtseSitu,283_bethin,kə-mbâ,kə+mbâ,k ə + m b â,,Zhang2019,,,^k ə + m b â$,default
BragbarSitu-283_bethin-1,,BragbarSitu,283_bethin,kə-mbiɛ̂,kə+mbiɛ̂,k ə + m b i ɛ̂,,Zhang2019,,,^k ə + m b i ɛ̂$,default
Japhug-283_bethin-1,,Japhug,283_bethin,mba,mba,m b a,,Zhang2019,,,^m b a$,default
MiddleChinese-281_thereisnoxsuchthatx-1,,MiddleChinese,281_thereisnoxsuchthatx,mak,mak,m a k,,Zhang2019,,,^m a k$,default
OldChinese-281_thereisnoxsuchthatx-1,,OldChinese,281_thereisnoxsuchthatx,*mˤak,mˤak,mˤ a k,,Baxter2014,,,^mˤ a k$,default
BragbarSitu-281_thereisnoxsuchthatx-1,,BragbarSitu,281_thereisnoxsuchthatx,kə-miāk,kə+miāk,k ə + m i ā k,,Zhang2019,,,^k ə + m i ā k$,default
Japhug-281_thereisnoxsuchthatx-1,,Japhug,281_thereisnoxsuchthatx,maʁ,maʁ,m a ʁ,,Zhang2019,,,^m a ʁ$,default
MiddleChinese-272_thearmpit-1,,MiddleChinese,272_thearmpit,kak,kak,k a k,,Zhang2019,,,^k a k$,default
OldChinese-272_thearmpit-1,,OldChinese,272_thearmpit,*Cqˤak,Cqˤak,qˤ a k,,Baxter2014,,,^C qˤ a k$,default
CogtseSitu-272_thearmpit-1,,CogtseSitu,272_thearmpit,tɐ-jɐ̄k,tɐ+jɐ̄k,t ɐ + j ɐ̄ k,,Zhang2019,,,^t ɐ + j ɐ̄ k$,default
BragbarSitu-272_thearmpit-1,,BragbarSitu,272_thearmpit,ta-jāk,ta+jāk,t a + j ā k,,Zhang2019,,,^t a + j ā k$,default
Japhug-272_thearmpit-1,,Japhug,272_thearmpit,tɯ-jaʁ,tɯ+jaʁ,t ɯ + j a ʁ,,Zhang2019,,,^t ɯ + j a ʁ$,default
MiddleChinese-274_thearmpit-1,,MiddleChinese,274_thearmpit,jek,jek,j e k,,Zhang2019,,,^j e k$,default
OldChinese-274_thearmpit-1,,OldChinese,274_thearmpit,*ɢrAk,ɢrAk,ɢ r ɑ k,,Baxter2014,,,^ɢ r A k$,default
Japhug-274_thearmpit-1,,Japhug,274_thearmpit,tɯ-pjaʁpa,tɯ+pjaʁpa,t ɯ + p j a ʁ p a,,Zhang2019,,,^t ɯ + p j a ʁ p a$,default
Tibetan-274_thearmpit-1,,Tibetan,274_thearmpit,bzhag.'og,bzhag.'og,b ʑ a g o g,,Zhang2019,,,^b zh a g . 'o g$,default
MiddleChinese-300_besingle-1,,MiddleChinese,300_besingle,tsjek,tsjek,ts j e k,,Zhang2019,,,^ts j e k$,default
OldChinese-300_besingle-1,,OldChinese,300_besingle,*tek,tek,t e k,,Baxter2014,,,^t e k$,default
CogtseSitu-300_besingle-1,,CogtseSitu,300_besingle,kə-tēk,kə+tēk,k ə + t ē k,,Zhang2019,,,^k ə + t ē k$,default
BragbarSitu-300_besingle-1,,BragbarSitu,300_besingle,kə-rīk,kə+rīk,k ə + r ī k,,Zhang2019,,,^k ə + r ī k$,default
Japhug-300_besingle-1,,Japhug,300_besingle,tɤɣ,tɤɣ,t ɤ ɣ,,Zhang2019,,,^t ɤ ɣ$,default
Tibetan-300_besingle-1,,Tibetan,300_besingle,gcig,gcig,g c i g,,Zhang2019,,,^g c i g$,default
MiddleChinese-246_todropdrop-1,,MiddleChinese,246_todropdrop,tek,tek,t e k,,Zhang2019,,,^t e k$,default
OldChinese-246_todropdrop-1,,OldChinese,246_todropdrop,**tek,tek,t e k,,Baxter2014,,,^t e k$,default
CogtseSitu-246_todropdrop-1,,CogtseSitu,246_todropdrop,ntʰɐ̄k,ntʰɐ̄k,n tʰ ɐ̄ k,,Zhang2019,,,^n tʰ ɐ̄ k$,default
BragbarSitu-246_todropdrop-1,,BragbarSitu,246_todropdrop,rə-ntʰāk,rə+ntʰāk,r ə + n tʰ ā k,,Zhang2019,,,^r ə + n tʰ ā k$,default
Tibetan-246_todropdrop-1,,Tibetan,246_todropdrop,thigs-pa,thigs+pa,tʰ i g s + p a,,Zhang2019,,,^th i gs + p a$,default
MiddleChinese-301_thehide-1,,MiddleChinese,301_thehide,kɛk,kɛk,k ɛ k,,Zhang2019,,,^k ɛ k$,default
OldChinese-301_thehide-1,,OldChinese,301_thehide,*kˤrək,kˤrək,kˤ r ə k,,Baxter2014,,,^kˤ r ə k$,default
CogtseSitu-301_thehide-1,,CogtseSitu,301_thehide,ka-klāk,ka+klāk,k a + k l ā k,,Zhang2019,,,^k a + k l ā k$,default
BragbarSitu-301_thehide-1,,BragbarSitu,301_thehide,ka-kliāk,ka+kliāk,k a + k l i ā k,,Zhang2019,,,^k a + k l i ā k$,default
MiddleChinese-227_beevil-1,,MiddleChinese,227_beevil,thok,thok,tʰ o k,,Zhang2019,,,^th o k$,default
OldChinese-227_beevil-1,,OldChinese,227_beevil,*n̥ˤək,n̥ˤək,n̥ˤ ə k,,Baxter2014,,,^n̥ˤ ə k$,default
CogtseSitu-227_beevil-1,,CogtseSitu,227_beevil,kə-nɐ̄k,kə+nɐ̄k,k ə + n ɐ̄ k,,Zhang2019,,,^k ə + n ɐ̄ k$,default
BragbarSitu-227_beevil-1,,BragbarSitu,227_beevil,kə-nâk,kə+nâk,k ə + n â k,,Zhang2019,,,^k ə + n â k$,default
Japhug-227_beevil-1,,Japhug,227_beevil,ɲaʁ,ɲaʁ,ɲ a ʁ,,Zhang2019,,,^ɲ a ʁ$,default
Tibetan-227_beevil-1,,Tibetan,227_beevil,nag-po,nag+po,n a g + p o,,Zhang2019,,,^n a g + p o$,default
MiddleChinese-266_toweave-1,,MiddleChinese,266_toweave,tɕik,tɕik,tɕ i k,,Zhang2019,,,^tɕ i k$,default
OldChinese-266_toweave-1,,OldChinese,266_toweave,*tək,tək,t ə k,,Baxter2014,,,^t ə k$,default
BragbarSitu-266_toweave-1,,BragbarSitu,266_toweave,ka-tiāk,ka+tiāk,k a + t i ā k,,Zhang2019,,,^k a + t i ā k$,default
Japhug-266_toweave-1,,Japhug,266_toweave,taʁ,taʁ,t a ʁ,,Zhang2019,,,^t a ʁ$,default
Tibetan-266_toweave-1,,Tibetan,266_toweave,btags,btags,b t a g s,,Zhang2019,,,^b t a gs$,default
MiddleChinese-280_thecolourcountenance-1,,MiddleChinese,280_thecolourcountenance,srik,srik,s r i k,,Zhang2019,,,^s r i k$,default
OldChinese-280_thecolourcountenance-1,,OldChinese,280_thecolourcountenance,*srək,srək,s r ə k,,Baxter2014,,,^s r ə k$,default
Japhug-280_thecolourcountenance-1,,Japhug,280_thecolourcountenance,zraʁ,zraʁ,z r a ʁ,,Zhang2019,,,^z r a ʁ$,default
MiddleChinese-263_thejoint-1,,MiddleChinese,263_thejoint,tset,tset,ts e t,,Zhang2019,,,^ts e t$,default
OldChinese-263_thejoint-1,,OldChinese,263_thejoint,*tsˤik,tsˤik,tsˤ i k,,Baxter2014,,,^tsˤ i k$,default
BragbarSitu-263_thejoint-1,,BragbarSitu,263_thejoint,rə-rtsə̄k,rə+rtsə̄k,r ə + r ts ə̄ k,,Zhang2019,,,^r ə + r ts ə̄ k$,default
Japhug-263_thejoint-1,,Japhug,263_thejoint,tɯ-rtsɤɣ,tɯ+rtsɤɣ,t ɯ + r ts ɤ ɣ,,Zhang2019,,,^t ɯ + r ts ɤ ɣ$,default
Tibetan-263_thejoint-1,,Tibetan,263_thejoint,tshigs,tshigs,tsʰ i g s,,Zhang2019,,,^tsh i gs$,default
MiddleChinese-288_thelouse-1,,MiddleChinese,288_thelouse,ʂit,ʂit,ʂ i t,,Zhang2019,,,^ʂ i t$,default
OldChinese-288_thelouse-1,,OldChinese,288_thelouse,*srik,srik,s r i k,,Baxter2014,,,^s r i k$,default
Japhug-288_thelouse-1,,Japhug,288_thelouse,zrɯɣ,zrɯɣ,z r ɯ ɣ,,Zhang2019,,,^z r ɯ ɣ$,default
Tibetan-288_thelouse-1,,Tibetan,288_thelouse,shig,shig,ɕ i g,,Zhang2019,,,^sh i g$,default
MiddleChinese-236_tobend-1,,MiddleChinese,236_tobend,khjowk,khjowk,kʰ j o w k,,Zhang2019,,,^kh j o w k$,default
OldChinese-236_tobend-1,,OldChinese,236_tobend,*kʰrok,kʰrok,kʰ r o k,,Baxter2014,,,^kʰ r o k$,default
Japhug-236_tobend-1,,Japhug,236_tobend,kɤɣ,kɤɣ,k ɤ ɣ,,Zhang2019,,,^k ɤ ɣ$,default
MiddleChinese-222_becurved-1,,MiddleChinese,222_becurved,gjowk,gjowk,g j o w k,,Zhang2019,,,^g j o w k$,default
OldChinese-222_becurved-1,,OldChinese,222_becurved,*Nkʰrok,Nkʰrok,N/n kʰ r o k,,Baxter2014,,,^N kʰ r o k$,default
Japhug-222_becurved-1,,Japhug,222_becurved,ŋgɤɣ,ŋgɤɣ,ŋ g ɤ ɣ,,Zhang2019,,,^ŋ g ɤ ɣ$,default
MiddleChinese-211_topeck-1,,MiddleChinese,211_topeck,træwk,træwk,t r æ w k,,Zhang2019,,,^t r æ w k$,default
OldChinese-211_topeck-1,,OldChinese,211_topeck,*mətˤrok,mətˤrok,m ə tˤ r o k,,Baxter2014,,,^m ə tˤ r o k$,default
CogtseSitu-211_topeck-1,,CogtseSitu,211_topeck,tə-ntôk,tə+ntôk,t ə + n t ô k,,Zhang2019,,,^t ə + n t ô k$,default
BragbarSitu-211_topeck-1,,BragbarSitu,211_topeck,tə-ntɐ̄k,tə+ntɐ̄k,t ə + n t ɐ̄ k,,Zhang2019,,,^t ə + n t ɐ̄ k$,default
MiddleChinese-241_theshell-1,,MiddleChinese,241_theshell,khæwk,khæwk,kʰ æ w k,,Zhang2019,,,^kh æ w k$,default
OldChinese-241_theshell-1,,OldChinese,241_theshell,*kʰˤrok,kʰˤrok,kʰˤ r o k,,Baxter2014,,,^kʰˤ r o k$,default
CogtseSitu-241_theshell-1,,CogtseSitu,241_theshell,tə-rkʰō,tə+rkʰō,t ə + r kʰ ō,,Zhang2019,,,^t ə + r kʰ ō$,default
BragbarSitu-241_theshell-1,,BragbarSitu,241_theshell,tə-rkʰō,tə+rkʰō,t ə + r kʰ ō,,Zhang2019,,,^t ə + r kʰ ō$,default
Japhug-241_theshell-1,,Japhug,241_theshell,ɯ-rqʰu,ɯ+rqʰu,ɯ + r qʰ u,,Zhang2019,,,^ɯ + r qʰ u$,default
Tibetan-241_theshell-1,,Tibetan,241_theshell,skogs-pa,skogs+pa,s k o g s + p a,,Zhang2019,,,^s k o gs + p a$,default
MiddleChinese-291_thehorn-1,,MiddleChinese,291_thehorn,kæwk,kæwk,k æ w k,,Zhang2019,,,^k æ w k$,default
OldChinese-291_thehorn-1,,OldChinese,291_thehorn,*Ckˤrok,Ckˤrok,kˤ r o k,,Baxter2014,,,^C kˤ r o k$,default
CogtseSitu-291_thehorn-1,,CogtseSitu,291_thehorn,tə-rū,tə+rū,t ə + r ū,,Zhang2019,,,^t ə + r ū$,default
BragbarSitu-291_thehorn-1,,BragbarSitu,291_thehorn,tə-rū,tə+rū,t ə + r ū,,Zhang2019,,,^t ə + r ū$,default
Japhug-291_thehorn-1,,Japhug,291_thehorn,ta-ʁrɯ,ta+ʁrɯ,t a + ʁ r ɯ,,Zhang2019,,,^t a + ʁ r ɯ$,default
Tibetan-291_thehorn-1,,Tibetan,291_thehorn,rwa,rwa,r w a,,Zhang2019,,,^rw a$,default
MiddleChinese-242_thepoison-1,,MiddleChinese,242_thepoison,dowk,dowk,d o w k,,Zhang2019,,,^d o w k$,default
OldChinese-242_thepoison-1,,OldChinese,242_thepoison,*dˤuk,dˤuk,dˤ u k,,Baxter2014,,,^dˤ u k$,default
CogtseSitu-242_thepoison-1,,CogtseSitu,242_thepoison,tə̄k,tə̄k,t ə̄ k,,Zhang2019,,,^t ə̄ k$,default
BragbarSitu-242_thepoison-1,,BragbarSitu,242_thepoison,tə-ndōk,tə+ndōk,t ə + n d ō k,,Zhang2019,,,^t ə + n d ō k$,default
Japhug-242_thepoison-1,,Japhug,242_thepoison,tɤ-ndɤɣ,tɤ+ndɤɣ,t ɤ + n d ɤ ɣ,,Zhang2019,,,^t ɤ + n d ɤ ɣ$,default
Tibetan-242_thepoison-1,,Tibetan,242_thepoison,dug,dug,d u g,,Zhang2019,,,^d u g$,default
MiddleChinese-201_six-1,,MiddleChinese,201_six,ljuwk,ljuwk,l j u w k,,Zhang2019,,,^l j u w k$,default
OldChinese-201_six-1,,OldChinese,201_six,*kruk,kruk,k r u k,,Baxter2014,,,^k r u k$,default
CogtseSitu-201_six-1,,CogtseSitu,201_six,kə-tʂōk,kə+tʂōk,k ə + ʈʂ ō k,,Zhang2019,,,^k ə + tʂ ō k$,default
BragbarSitu-201_six-1,,BragbarSitu,201_six,kə-tʂōk,kə+tʂōk,k ə + ʈʂ ō k,,Zhang2019,,,^k ə + tʂ ō k$,default
Japhug-201_six-1,,Japhug,201_six,kɯtʂɤɣ,kɯtʂɤɣ,k ɯ ʈʂ ɤ ɣ,,Zhang2019,,,^k ɯ tʂ ɤ ɣ$,default
Tibetan-201_six-1,,Tibetan,201_six,drug,drug,d r u g,,Zhang2019,,,^d r u g$,default
MiddleChinese-277_thebelly-1,,MiddleChinese,277_thebelly,pjuwk,pjuwk,p j u w k,,Zhang2019,,,^p j u w k$,default
OldChinese-277_thebelly-1,,OldChinese,277_thebelly,*pruk,pruk,p r u k,,Baxter2014,,,^p r u k$,default
CogtseSitu-277_thebelly-1,,CogtseSitu,277_thebelly,tə-pōk,tə+pōk,t ə + p ō k,,Zhang2019,,,^t ə + p ō k$,default
BragbarSitu-277_thebelly-1,,BragbarSitu,277_thebelly,tə-vōk,tə+vōk,t ə + v ō k,,Zhang2019,,,^t ə + v ō k$,default
Tibetan-277_thebelly-1,,Tibetan,277_thebelly,bug,bug,b u g,,Zhang2019,,,^b u g$,default
MiddleChinese-259_theeye-1,,MiddleChinese,259_theeye,mjuwk,mjuwk,m j u w k,,Zhang2019,,,^m j u w k$,default
OldChinese-259_theeye-1,,OldChinese,259_theeye,*Cmruk,Cmruk,m r u k,,Baxter2014,,,^C m r u k$,default
CogtseSitu-259_theeye-1,,CogtseSitu,259_theeye,tə-mɲāk,tə+mɲāk,t ə + m ɲ ā k,,Zhang2019,,,^t ə + m ɲ ā k$,default
BragbarSitu-259_theeye-1,,BragbarSitu,259_theeye,tə-mɲāk,tə+mɲāk,t ə + m ɲ ā k,,Zhang2019,,,^t ə + m ɲ ā k$,default
Japhug-259_theeye-1,,Japhug,259_theeye,tɯ-mɲaʁ,tɯ+mɲaʁ,t ɯ + m ɲ a ʁ,,Zhang2019,,,^t ɯ + m ɲ a ʁ$,default
Tibetan-259_theeye-1,,Tibetan,259_theeye,mig,mig,m i g,,Zhang2019,,,^m i g$,default
MiddleChinese-292_topress-1,,MiddleChinese,292_topress,tsjuwk,tsjuwk,ts j u w k,,Zhang2019,,,^ts j u w k$,default
OldChinese-292_topress-1,,OldChinese,292_topress,**tsˤiwk,tsˤiwk,tsˤ i w k,,Baxter2014,,,^tsˤ i w k$,default
Japhug-292_topress-1,,Japhug,292_topress,stʰoʁ,stʰoʁ,s tʰ o ʁ,,Zhang2019,,,^s tʰ o ʁ$,default
MiddleChinese-265_totwisttospin-1,,MiddleChinese,265_totwisttospin,phjaŋX,phjaŋX,pʰ j a ŋ X/¹⁵,,Zhang2019,,,^ph j a ŋ X$,default
OldChinese-265_totwisttospin-1,,OldChinese,265_totwisttospin,*pʰaŋ,pʰaŋ,pʰ a ŋ,,Baxter2014,,,^pʰ a ŋ$,default
CogtseSitu-265_totwisttospin-1,,CogtseSitu,265_totwisttospin,ka-pô,ka+pô,k a + p ô,,Zhang2019,,,^k a + p ô$,default
BragbarSitu-265_totwisttospin-1,,BragbarSitu,265_totwisttospin,ka-pō,ka+pō,k a + p ō,,Zhang2019,,,^k a + p ō$,default
Japhug-265_totwisttospin-1,,Japhug,265_totwisttospin,pɣo,pɣo,p ɣ o,,Zhang2019,,,^p ɣ o$,default
MiddleChinese-219_beeldestgreatest-1,,MiddleChinese,219_beeldestgreatest,mæŋH,mæŋH,m æ ŋ H/⁵¹,,Zhang2019,,,^m æ ŋ H$,default
OldChinese-219_beeldestgreatest-1,,OldChinese,219_beeldestgreatest,*m̥ˤraŋs,m̥ˤraŋs,m̥ˤ r a ŋ s,,Baxter2014,,,^m̥ˤ r a ŋ s$,default
CogtseSitu-219_beeldestgreatest-1,,CogtseSitu,219_beeldestgreatest,tə-nmak,tə+nmak,t ə + n m a k,,Zhang2019,,,^t ə + n m a k$,default
Japhug-219_beeldestgreatest-1,,Japhug,219_beeldestgreatest,tɤ-nmaʁ,tɤ+nmaʁ,t ɤ + n m a ʁ,,Zhang2019,,,^t ɤ + n m a ʁ$,default
Tibetan-219_beeldestgreatest-1,,Tibetan,219_beeldestgreatest,mag-pa,mag+pa,m a g + p a,,Zhang2019,,,^m a g + p a$,default
MiddleChinese-219_beeldestgreatest-2,,MiddleChinese,219_beeldestgreatest,mæŋH,mæŋH,m æ ŋ H/⁵¹,,Zhang2019,,,^m æ ŋ H$,default
OldChinese-219_beeldestgreatest-2,,OldChinese,219_beeldestgreatest,*m̥ˤraŋs,m̥ˤraŋs,m̥ˤ r a ŋ s,,Baxter2014,,,^m̥ˤ r a ŋ s$,default
CogtseSitu-219_beeldestgreatest-2,,CogtseSitu,219_beeldestgreatest,kə-mbrô,kə+mbrô,k ə + m b r ô,,Zhang2019,,,^k ə + m b r ô$,default
BragbarSitu-219_beeldestgreatest-1,,BragbarSitu,219_beeldestgreatest,kə-mbrô,kə+mbrô,k ə + m b r ô,,Zhang2019,,,^k ə + m b r ô$,default
Japhug-219_beeldestgreatest-2,,Japhug,219_beeldestgreatest,mbro,mbro,m b r o,,Zhang2019,,,^m b r o$,default
MiddleChinese-230_toopposedisturb-1,,MiddleChinese,230_toopposedisturb,ɲaŋX,ɲaŋX,ɲ a ŋ X/¹⁵,,Zhang2019,,,^ɲ a ŋ X$,default
OldChinese-230_toopposedisturb-1,,OldChinese,230_toopposedisturb,*naŋʔ,naŋʔ,n a ŋ ʔ,,Baxter2014,,,^n a ŋ ʔ$,default
CogtseSitu-230_toopposedisturb-1,,CogtseSitu,230_toopposedisturb,ka-nô,ka+nô,k a + n ô,,Zhang2019,,,^k a + n ô$,default
BragbarSitu-230_toopposedisturb-1,,BragbarSitu,230_toopposedisturb,ka-nô,ka+nô,k a + n ô,,Zhang2019,,,^k a + n ô$,default
Japhug-230_toopposedisturb-1,,Japhug,230_toopposedisturb,no,no,n o,,Zhang2019,,,^n o$,default
MiddleChinese-226_tothink-1,,MiddleChinese,226_tothink,sjaŋX,sjaŋX,s j a ŋ X/¹⁵,,Zhang2019,,,^s j a ŋ X$,default
OldChinese-226_tothink-1,,OldChinese,226_tothink,*saŋʔ,saŋʔ,s a ŋ ʔ,,Baxter2014,,,^s a ŋ ʔ$,default
CogtseSitu-226_tothink-1,,CogtseSitu,226_tothink,ka-səsō,ka+səsō,k a + s ə s ō,,Zhang2019,,,^k a + s ə s ō$,default
BragbarSitu-226_tothink-1,,BragbarSitu,226_tothink,ka-səsō,ka+səsō,k a + s ə s ō,,Zhang2019,,,^k a + s ə s ō$,default
Japhug-226_tothink-1,,Japhug,226_tothink,sɯso,sɯso,s ɯ s o,,Zhang2019,,,^s ɯ s o$,default
MiddleChinese-204_behard-1,,MiddleChinese,204_behard,kaŋ,kaŋ,k a ŋ,,Zhang2019,,,^k a ŋ$,default
OldChinese-204_behard-1,,OldChinese,204_behard,*kˤaŋ,kˤaŋ,kˤ a ŋ,,Baxter2014,,,^kˤ a ŋ$,default
CogtseSitu-204_behard-1,,CogtseSitu,204_behard,kə-rkô,kə+rkô,k ə + r k ô,,Zhang2019,,,^k ə + r k ô$,default
Japhug-204_behard-1,,Japhug,204_behard,rko,rko,r k o,,Zhang2019,,,^r k o$,default
Tibetan-204_behard-1,,Tibetan,204_behard,mkhrang-po,mkhrang+po,m kʰ r a ŋ + p o,,Zhang2019,,,^m kh r a ng + p o$,default
MiddleChinese-269_thesheep-1,,MiddleChinese,269_thesheep,jaŋ,jaŋ,j a ŋ,,Zhang2019,,,^j a ŋ$,default
OldChinese-269_thesheep-1,,OldChinese,269_thesheep,*ɢaŋ,ɢaŋ,ɢ a ŋ,,Baxter2014,,,^ɢ a ŋ$,default
CogtseSitu-269_thesheep-1,,CogtseSitu,269_thesheep,kə-jō,kə+jō,k ə + j ō,,Zhang2019,,,^k ə + j ō$,default
BragbarSitu-269_thesheep-1,,BragbarSitu,269_thesheep,kə-ɟōk,kə+ɟōk,k ə + ɟ ō k,,Zhang2019,,,^k ə + ɟ ō k$,default
Japhug-269_thesheep-1,,Japhug,269_thesheep,qa-ʑo,qa+ʑo,q a + ʑ o,,Zhang2019,,,^q a + ʑ o$,default
Tibetan-269_thesheep-1,,Tibetan,269_thesheep,g.yang-dkar,g.yang+dkar,g j a ŋ + d k a r,,Zhang2019,,,^g . ya ng + d k a r$,default
MiddleChinese-257_toitch-1,,MiddleChinese,257_toitch,jaŋX,jaŋX,j a ŋ X/¹⁵,,Zhang2019,,,^j a ŋ X$,default
OldChinese-257_toitch-1,,OldChinese,257_toitch,*Cəɢaŋʔ,Cəɢaŋʔ,ə ɢ a ŋ ʔ,,Baxter2014,,,^C ə ɢ a ŋ ʔ$,default
CogtseSitu-257_toitch-1,,CogtseSitu,257_toitch,ka-rajâk,ka+rajâk,k a + r a j â k,,Zhang2019,,,^k a + r a j â k$,default
BragbarSitu-257_toitch-1,,BragbarSitu,257_toitch,ka-rɐɟâk,ka+rɐɟâk,k a + r ɐ ɟ â k,,Zhang2019,,,^k a + r ɐ ɟ â k$,default
Japhug-257_toitch-1,,Japhug,257_toitch,rɤʑa,rɤʑa,r ɤ ʑ a,,Zhang2019,,,^r ɤ ʑ a$,default
Tibetan-257_toitch-1,,Tibetan,257_toitch,g.ya'-ba,g.ya'+ba,g j a + b a,,Zhang2019,,,^g . ya '+ b a$,default
MiddleChinese-207_thename-1,,MiddleChinese,207_thename,mjieŋ,mjieŋ,m j i e ŋ,,Zhang2019,,,^m j i e ŋ$,default
OldChinese-207_thename-1,,OldChinese,207_thename,*Cmeŋ,Cmeŋ,m e ŋ,,Baxter2014,,,^C m e ŋ$,default
CogtseSitu-207_thename-1,,CogtseSitu,207_thename,tə-rmê,tə+rmê,t ə + r m ê,,Zhang2019,,,^t ə + r m ê$,default
BragbarSitu-207_thename-1,,BragbarSitu,207_thename,tə-rmiê,tə+rmiê,t ə + r m i ê,,Zhang2019,,,^t ə + r m i ê$,default
Japhug-207_thename-1,,Japhug,207_thename,tɤ-rmi,tɤ+rmi,t ɤ + r m i,,Zhang2019,,,^t ɤ + r m i$,default
Tibetan-207_thename-1,,Tibetan,207_thename,ming,ming,m i ŋ,,Zhang2019,,,^m i ng $,default
MiddleChinese-308_tocryofbirdsoranimals-1,,MiddleChinese,308_tocryofbirdsoranimals,mjæŋ,mjæŋ,m j æ ŋ,,Zhang2019,,,^m j æ ŋ$,default
OldChinese-308_tocryofbirdsoranimals-1,,OldChinese,308_tocryofbirdsoranimals,*mreŋ,mreŋ,m r e ŋ,,Baxter2014,,,^m r e ŋ$,default
CogtseSitu-308_tocryofbirdsoranimals-1,,CogtseSitu,308_tocryofbirdsoranimals,kə-mərê,kə+mərê,k ə + m ə r ê,,Zhang2019,,,^k ə + m ə r ê$,default
BragbarSitu-308_tocryofbirdsoranimals-1,,BragbarSitu,308_tocryofbirdsoranimals,kə-mbrɐ̂j,kə+mbrɐ̂j,k ə + m b r ɐ̂ j,,Zhang2019,,,^k ə + m b r ɐ̂ j$,default
Japhug-308_tocryofbirdsoranimals-1,,Japhug,308_tocryofbirdsoranimals,mbri,mbri,m b r i,,Zhang2019,,,^m b r i$,default
MiddleChinese-267_thestringcord-1,,MiddleChinese,267_thestringcord,ʑiŋ,ʑiŋ,ʑ i ŋ,,Zhang2019,,,^ʑ i ŋ$,default
OldChinese-267_thestringcord-1,,OldChinese,267_thestringcord,*Cəmrəŋ,Cəmrəŋ,ə m r ə ŋ,,Baxter2014,,,^C ə m r ə ŋ$,default
CogtseSitu-267_thestringcord-1,,CogtseSitu,267_thestringcord,tə-mbrē,tə+mbrē,t ə + m b r ē,,Zhang2019,,,^t ə + m b r ē$,default
Japhug-267_thestringcord-1,,Japhug,267_thestringcord,tɯ-mbri,tɯ+mbri,t ɯ + m b r i,,Zhang2019,,,^t ɯ + m b r i$,default
MiddleChinese-202_theice-1,,MiddleChinese,202_theice,piŋ,piŋ,p i ŋ,,Zhang2019,,,^p i ŋ$,default
OldChinese-202_theice-1,,OldChinese,202_theice,*prəŋ,prəŋ,p r ə ŋ,,Baxter2014,,,^p r ə ŋ$,default
CogtseSitu-202_theice-1,,CogtseSitu,202_theice,ta-rpâm,ta+rpâm,t a + r p â m,,Zhang2019,,,^t a + r p â m$,default
BragbarSitu-202_theice-1,,BragbarSitu,202_theice,ta-rpâm,ta+rpâm,t a + r p â m,,Zhang2019,,,^t a + r p â m$,default
Japhug-202_theice-1,,Japhug,202_theice,tɤ-jpɣom,tɤ+jpɣom,t ɤ + j p ɣ o m,,Zhang2019,,,^t ɤ + j p ɣ o m$,default
MiddleChinese-215_thedream-1,,MiddleChinese,215_thedream,mjuwŋ,mjuwŋ,m j u w ŋ,,Zhang2019,,,^m j u w ŋ$,default
OldChinese-215_thedream-1,,OldChinese,215_thedream,*Cməŋs,Cməŋs,m ə ŋ s,,Baxter2014,,,^C m ə ŋ s$,default
CogtseSitu-215_thedream-1,,CogtseSitu,215_thedream,ta-rmô,ta+rmô,t a + r m ô,,Zhang2019,,,^t a + r m ô$,default
BragbarSitu-215_thedream-1,,BragbarSitu,215_thedream,ta-rmôk,ta+rmôk,t a + r m ô k,,Zhang2019,,,^t a + r m ô k$,default
Japhug-215_thedream-1,,Japhug,215_thedream,tɯ-jmŋo,tɯ+jmŋo,t ɯ + j m ŋ o,,Zhang2019,,,^t ɯ + j m ŋ o$,default
Tibetan-215_thedream-1,,Tibetan,215_thedream,rmang-lam,rmang+lam,r m a ŋ + l a m,,Zhang2019,,,^r m a ng + l a m$,default
MiddleChinese-192_your-1,,MiddleChinese,192_your,nojX,nojX,n o j X/¹⁵,,Zhang2019,,,^n o j X$,default
OldChinese-192_your-1,,OldChinese,192_your,*nˤəŋʔ,nˤəŋʔ,nˤ ə ŋ ʔ,,Baxter2014,,,^nˤ ə ŋ ʔ$,default
CogtseSitu-192_your-1,,CogtseSitu,192_your,nō,nō,n ō,,Zhang2019,,,^n ō$,default
BragbarSitu-192_your-1,,BragbarSitu,192_your,nə-ɟə̂,nə+ɟə̂,n ə + ɟ ə̂,,Zhang2019,,,^n ə + ɟ ə̂$,default
Japhug-192_your-1,,Japhug,192_your,nɤ-ʑo,nɤ+ʑo,n ɤ + ʑ o,,Zhang2019,,,^n ɤ + ʑ o$,default
MiddleChinese-289_theflyinsect-1,,MiddleChinese,289_theflyinsect,jiŋ,jiŋ,j i ŋ,,Zhang2019,,,^j i ŋ$,default
OldChinese-289_theflyinsect-1,,OldChinese,289_theflyinsect,*mrəŋ,mrəŋ,m r ə ŋ,,Baxter2014,,,^m r ə ŋ$,default
Japhug-289_theflyinsect-1,,Japhug,289_theflyinsect,ɣʑo,ɣʑo,ɣ ʑ o,,Zhang2019,,,^ɣʑ o$,default
Tibetan-289_theflyinsect-1,,Tibetan,289_theflyinsect,sbrang,sbrang,s b r a ŋ,,Zhang2019,,,^s b r a ng $,default
MiddleChinese-284_thefirewood-1,,MiddleChinese,284_thefirewood,sin,sin,s i n,,Zhang2019,,,^s i n$,default
OldChinese-284_thefirewood-1,,OldChinese,284_thefirewood,*sin,sin,s i n,,Baxter2014,,,^s i n$,default
CogtseSitu-284_thefirewood-1,,CogtseSitu,284_thefirewood,ʃē,ʃē,ʃ ē,,Zhang2019,,,^ʃ ē$,default
BragbarSitu-284_thefirewood-1,,BragbarSitu,284_thefirewood,ɕê,ɕê,ɕ ê,,Zhang2019,,,^ɕ ê$,default
Japhug-284_thefirewood-1,,Japhug,284_thefirewood,si,si,s i,,Zhang2019,,,^s i$,default
Tibetan-284_thefirewood-1,,Tibetan,284_thefirewood,shing,shing,ɕ i ŋ,,Zhang2019,,,^sh i ng $,default
MiddleChinese-233_benew-1,,MiddleChinese,233_benew,sin,sin,s i n,,Zhang2019,,,^s i n$,default
OldChinese-233_benew-1,,OldChinese,233_benew,*stsʰin,stsʰin,s tsʰ i n,,Baxter2014,,,^s tsʰ i n$,default
CogtseSitu-233_benew-1,,CogtseSitu,233_benew,kə-ʃīk,kə+ʃīk,k ə + ʃ ī k,,Zhang2019,,,^k ə + ʃ ī k$,default
BragbarSitu-233_benew-1,,BragbarSitu,233_benew,kə-ɕə̄k,kə+ɕə̄k,k ə + ɕ ə̄ k,,Zhang2019,,,^k ə + ɕ ə̄ k$,default
Japhug-233_benew-1,,Japhug,233_benew,ɕɤɣ,ɕɤɣ,ɕ ɤ ɣ,,Zhang2019,,,^ɕ ɤ ɣ$,default
MiddleChinese-294_thebody-1,,MiddleChinese,294_thebody,ɕin,ɕin,ɕ i n,,Zhang2019,,,^ɕ i n$,default
OldChinese-294_thebody-1,,OldChinese,294_thebody,*n̥iŋ,n̥iŋ,n̥ i ŋ,,Baxter2014,,,^n̥ i ŋ$,default
CogtseSitu-294_thebody-1,,CogtseSitu,294_thebody,tə-ʃnē,tə+ʃnē,t ə + ʃ n ē,,Zhang2019,,,^t ə + ʃ n ē$,default
BragbarSitu-294_thebody-1,,BragbarSitu,294_thebody,tə-ɕnê,tə+ɕnê,t ə + ɕ n ê,,Zhang2019,,,^t ə + ɕ n ê$,default
Japhug-294_thebody-1,,Japhug,294_thebody,tə-sni,tə+sni,t ə + s n i,,Zhang2019,,,^t ə + s n i$,default
Tibetan-294_thebody-1,,Tibetan,294_thebody,snying,snying,s ɲ i ŋ,,Zhang2019,,,^s ny i ng $,default
MiddleChinese-254_thefield-1,,MiddleChinese,254_thefield,den,den,d e n,,Zhang2019,,,^d e n$,default
OldChinese-254_thefield-1,,OldChinese,254_thefield,*lˤiŋ,lˤiŋ,lˤ i ŋ,,Baxter2014,,,^lˤ i ŋ$,default
CogtseSitu-254_thefield-1,,CogtseSitu,254_thefield,tə-jē,tə+jē,t ə + j ē,,Zhang2019,,,^t ə + j ē$,default
BragbarSitu-254_thefield-1,,BragbarSitu,254_thefield,ka-jê,ka+jê,k a + j ê,,Zhang2019,,,^k a + j ê$,default
Japhug-254_thefield-1,,Japhug,254_thefield,tɯ-ji,tɯ+ji,t ɯ + j i,,Zhang2019,,,^t ɯ + j i$,default
Tibetan-254_thefield-1,,Tibetan,254_thefield,ʑiŋ-kha,ʑiŋ+kha,ʑ i ŋ + kʰ a,,Zhang2019,,,^ʑ i ŋ + kh a$,default
MiddleChinese-229_tostrike-1,,MiddleChinese,229_tostrike,ɖæwŋH,ɖæwŋH,ɖ æ w ŋ H/⁵¹,,Zhang2019,,,^ɖ æ w ŋ H$,default
OldChinese-229_tostrike-1,,OldChinese,229_tostrike,*Ntˤroŋs,Ntˤroŋs,N/n tˤ r o ŋ s,,Baxter2014,,,^N tˤ r o ŋ s$,default
Japhug-229_tostrike-1,,Japhug,229_tostrike,ʁndɯ,ʁndɯ,ʁ n d ɯ,,Zhang2019,,,^ʁ n d ɯ$,default
Tibetan-229_tostrike-1,,Tibetan,229_tostrike,rdung-ba,rdung+ba,r d u ŋ + b a,,Zhang2019,,,^r d u ng + b a$,default
MiddleChinese-240_tokill-1,,MiddleChinese,240_tokill,ʂɛt,ʂɛt,ʂ ɛ t,,Zhang2019,,,^ʂ ɛ t$,default
OldChinese-240_tokill-1,,OldChinese,240_tokill,*srat,srat,s r a t,,Baxter2014,,,^s r a t$,default
CogtseSitu-240_tokill-1,,CogtseSitu,240_tokill,ka-sāt,ka+sāt,k a + s ā t,,Zhang2019,,,^k a + s ā t$,default
BragbarSitu-240_tokill-1,,BragbarSitu,240_tokill,ka-siɛ̄t,ka+siɛ̄t,k a + s i ɛ̄ t,,Zhang2019,,,^k a + s i ɛ̄ t$,default
Japhug-240_tokill-1,,Japhug,240_tokill,sat,sat,s a t,,Zhang2019,,,^s a t$,default
Tibetan-240_tokill-1,,Tibetan,240_tokill,bsad,bsad,b s a d,,Zhang2019,,,^bs a d$,default
MiddleChinese-231_todefeat-1,,MiddleChinese,231_todefeat,pæjH,pæjH,p æ j H/⁵¹,,Zhang2019,,,^p æ j H$,default
OldChinese-231_todefeat-1,,OldChinese,231_todefeat,*pˤrats,pˤrats,pˤ r a ts,,Baxter2014,,,^pˤ r a ts$,default
CogtseSitu-231_todefeat-1,,CogtseSitu,231_todefeat,kɐ-prɐ̂t,kɐ+prɐ̂t,k ɐ + p r ɐ̂ t,,Zhang2019,,,^k ɐ + p r ɐ̂ t$,default
BragbarSitu-231_todefeat-1,,BragbarSitu,231_todefeat,ka-prāt,ka+prāt,k a + p r ā t,,Zhang2019,,,^k a + p r ā t$,default
Japhug-231_todefeat-1,,Japhug,231_todefeat,prɤt,prɤt,p r ɤ t,,Zhang2019,,,^p r ɤ t$,default
MiddleChinese-231_todefeat-2,,MiddleChinese,231_todefeat,bæjH,bæjH,b æ j H/⁵¹,,Zhang2019,,,^b æ j H$,default
OldChinese-231_todefeat-2,,OldChinese,231_todefeat,*Npˤrats,Npˤrats,N/n pˤ r a ts,,Baxter2014,,,^N pˤ r a ts$,default
CogtseSitu-231_todefeat-2,,CogtseSitu,231_todefeat,kɐ-mbrɐ̂t,kɐ+mbrɐ̂t,k ɐ + m b r ɐ̂ t,,Zhang2019,,,^k ɐ + m b r ɐ̂ t$,default
BragbarSitu-231_todefeat-2,,BragbarSitu,231_todefeat,kə-mbrāt,kə+mbrāt,k ə + m b r ā t,,Zhang2019,,,^k ə + m b r ā t$,default
Japhug-231_todefeat-2,,Japhug,231_todefeat,mbrɤt,mbrɤt,m b r ɤ t,,Zhang2019,,,^m b r ɤ t$,default
MiddleChinese-200_eight-1,,MiddleChinese,200_eight,pɛt,pɛt,p ɛ t,,Zhang2019,,,^p ɛ t$,default
OldChinese-200_eight-1,,OldChinese,200_eight,*pˤret,pˤret,pˤ r e t,,Baxter2014,,,^pˤ r e t$,default
CogtseSitu-200_eight-1,,CogtseSitu,200_eight,wurjat,wurjat,w u r j a t,,Zhang2019,,,^w u r j a t$,default
BragbarSitu-200_eight-1,,BragbarSitu,200_eight,kərcēt,kərcēt,k ə r c ē t,,Zhang2019,,,^k ə r c ē t$,default
Japhug-200_eight-1,,Japhug,200_eight,kɯrcat,kɯrcat,k ɯ r c a t,,Zhang2019,,,^k ɯ r c a t$,default
Tibetan-200_eight-1,,Tibetan,200_eight,brgyad,brgyad,b r g j a d,,Zhang2019,,,^b r g ya d$,default
MiddleChinese-273_totakeoff-1,,MiddleChinese,273_totakeoff,thwat,thwat,tʰ w a t,,Zhang2019,,,^thw a t$,default
OldChinese-273_totakeoff-1,,OldChinese,273_totakeoff,*məl̥ˤot,məl̥ˤot,m ə l̥ˤ o t,,Baxter2014,,,^m ə l̥ˤ o t$,default
BragbarSitu-273_totakeoff-1,,BragbarSitu,273_totakeoff,ka-ɕlɐ̄t,ka+ɕlɐ̄t,k a + ɕ l ɐ̄ t,,Zhang2019,,,^k a + ɕ l ɐ̄ t$,default
MiddleChinese-203_toscrape-1,,MiddleChinese,203_toscrape,kwæt,kwæt,kʷ æ t,,Zhang2019,,,^kw æ t$,default
OldChinese-203_toscrape-1,,OldChinese,203_toscrape,*kʷˤrat,kʷˤrat,kʷˤ r a t,,Baxter2014,,,^kʷˤ r a t$,default
CogtseSitu-203_toscrape-1,,CogtseSitu,203_toscrape,ka-kʰrōt,ka+kʰrōt,k a + kʰ r ō t,,Zhang2019,,,^k a + kʰ r ō t$,default
BragbarSitu-203_toscrape-1,,BragbarSitu,203_toscrape,ka-kʰrə̄t,ka+kʰrə̄t,k a + kʰ r ə̄ t,,Zhang2019,,,^k a + kʰ r ə̄ t$,default
Japhug-203_toscrape-1,,Japhug,203_toscrape,qʰrɯt,qʰrɯt,qʰ r ɯ t,,Zhang2019,,,^qʰ r ɯ t$,default
MiddleChinese-228_todigoutearth-1,,MiddleChinese,228_todigoutearth,gjut,gjut,g j u t,,Zhang2019,,,^g j u t$,default
OldChinese-228_todigoutearth-1,,OldChinese,228_todigoutearth,*got,got,g o t,,Baxter2014,,,^g o t$,default
CogtseSitu-228_todigoutearth-1,,CogtseSitu,228_todigoutearth,ka-səkū,ka+səkū,k a + s ə k ū,,Zhang2019,,,^k a + s ə k ū$,default
BragbarSitu-228_todigoutearth-1,,BragbarSitu,228_todigoutearth,ka-səkū,ka+səkū,k a + s ə k ū,,Zhang2019,,,^k a + s ə k ū$,default
Japhug-228_todigoutearth-1,,Japhug,228_todigoutearth,skɯ,skɯ,s k ɯ,,Zhang2019,,,^s k ɯ$,default
Tibetan-228_todigoutearth-1,,Tibetan,228_todigoutearth,rko,rko,r k o,,Zhang2019,,,^r k o$,default
MiddleChinese-293_toslip-1,,MiddleChinese,293_toslip,trijH,trijH,t r i j H/⁵¹,,Zhang2019,,,^t r i j H$,default
OldChinese-293_toslip-1,,OldChinese,293_toslip,*tlrits,tlrits,t l r i ts,,Baxter2014,,,^t l r i ts$,default
Japhug-293_toslip-1,,Japhug,293_toslip,aʁdɤt,aʁdɤt,a ʁ d ɤ t,,Zhang2019,,,^a ʁ d ɤ t$,default
Tibetan-293_toslip-1,,Tibetan,293_toslip,dred-pa,dred+pa,d r e d + p a,,Zhang2019,,,^d r e d + p a$,default
MiddleChinese-245_todestroy-1,,MiddleChinese,245_todestroy,mjiet,mjiet,m j i e t,,Zhang2019,,,^m j i e t$,default
OldChinese-245_todestroy-1,,OldChinese,245_todestroy,*met,met,m e t,,Baxter2014,,,^m e t$,default
CogtseSitu-245_todestroy-1,,CogtseSitu,245_todestroy,kə-rmēk,kə+rmēk,k ə + r m ē k,,Zhang2019,,,^k ə + r m ē k$,default
BragbarSitu-245_todestroy-1,,BragbarSitu,245_todestroy,kə-mə̄k,kə+mə̄k,k ə + m ə̄ k,,Zhang2019,,,^k ə + m ə̄ k$,default
Japhug-245_todestroy-1,,Japhug,245_todestroy,mi,mi,m i,,Zhang2019,,,^m i$,default
MiddleChinese-189_seven-1,,MiddleChinese,189_seven,tshit,tshit,tsʰ i t,,Zhang2019,,,^tsh i t$,default
OldChinese-189_seven-1,,OldChinese,189_seven,*tsʰit,tsʰit,tsʰ i t,,Baxter2014,,,^tsʰ i t$,default
CogtseSitu-189_seven-1,,CogtseSitu,189_seven,kəʃnə̄s,kəʃnə̄s,k ə ʃ n ə̄ s,,Zhang2019,,,^k ə ʃ n ə̄ s$,default
BragbarSitu-189_seven-1,,BragbarSitu,189_seven,kəɕnɐ̄s,kəɕnɐ̄s,k ə ɕ n ɐ̄ s,,Zhang2019,,,^k ə ɕ n ɐ̄ s$,default
Japhug-189_seven-1,,Japhug,189_seven,kɯɕnɯz,kɯɕnɯz,k ɯ ɕ n ɯ z,,Zhang2019,,,^k ɯ ɕ n ɯ z$,default
MiddleChinese-216_tolose-1,,MiddleChinese,216_tolose,ɕit,ɕit,ɕ i t,,Zhang2019,,,^ɕ i t$,default
OldChinese-216_tolose-1,,OldChinese,216_tolose,*l̥it,l̥it,l̥ i t,,Baxter2014,,,^l̥ i t$,default
CogtseSitu-216_tolose-1,,CogtseSitu,216_tolose,ka-ʃlə̂k,ka+ʃlə̂k,k a + ʃ l ə̂ k,,Zhang2019,,,^k a + ʃ l ə̂ k$,default
Japhug-216_tolose-1,,Japhug,216_tolose,lɯɣ,lɯɣ,l ɯ ɣ,,Zhang2019,,,^l ɯ ɣ$,default
MiddleChinese-256_bestiff-1,,MiddleChinese,256_bestiff,pjijH,pjijH,p j i j H/⁵¹,,Zhang2019,,,^p j i j H$,default
OldChinese-256_bestiff-1,,OldChinese,256_bestiff,pits,pits,p i ts,,Baxter2014,,,^p i ts$,default
Japhug-256_bestiff-1,,Japhug,256_bestiff,ndʑɯrpɯt,ndʑɯrpɯt,n dʑ ɯ r p ɯ t,,Zhang2019,,,^n dʑ ɯ r p ɯ t$,default
MiddleChinese-304_theface-1,,MiddleChinese,304_theface,ŋæn,ŋæn,ŋ æ n,,Zhang2019,,,^ŋ æ n$,default
OldChinese-304_theface-1,,OldChinese,304_theface,*Cŋˤar,Cŋˤar,ŋˤ a r,,Baxter2014,,,^C ŋˤ a r$,default
Japhug-304_theface-1,,Japhug,304_theface,tɯ-rŋa,tɯ+rŋa,t ɯ + r ŋ a,,Zhang2019,,,^t ɯ + r ŋ a$,default
MiddleChinese-307_befresh-1,,MiddleChinese,307_befresh,sjen,sjen,s j e n,,Zhang2019,,,^s j e n$,default
OldChinese-307_befresh-1,,OldChinese,307_befresh,*sar,sar,s a r,,Baxter2014,,,^s a r$,default
BragbarSitu-307_befresh-1,,BragbarSitu,307_befresh,kə-tsâr,kə+tsâr,k ə + ts â r,,Zhang2019,,,^k ə + ts â r$,default
Japhug-307_befresh-1,,Japhug,307_befresh,sɤr,sɤr,s ɤ r,,Zhang2019,,,^s ɤ r$,default
Tibetan-307_befresh-1,,Tibetan,307_befresh,gsar-pa,gsar+pa,g s a r + p a,,Zhang2019,,,^gs a r + p a$,default
MiddleChinese-297_besour-1,,MiddleChinese,297_besour,swan,swan,s w a n,,Zhang2019,,,^sw a n$,default
OldChinese-297_besour-1,,OldChinese,297_besour,*sˤor,sˤor,sˤ o r,,Baxter2014,,,^sˤ o r$,default
CogtseSitu-297_besour-1,,CogtseSitu,297_besour,kə-tɕôr,kə+tɕôr,k ə + tɕ ô r,,Zhang2019,,,^k ə + tɕ ô r$,default
BragbarSitu-297_besour-1,,BragbarSitu,297_besour,kə-tɕôr,kə+tɕôr,k ə + tɕ ô r,,Zhang2019,,,^k ə + tɕ ô r$,default
Japhug-297_besour-1,,Japhug,297_besour,tɕur,tɕur,tɕ u r,,Zhang2019,,,^tɕ u r$,default
MiddleChinese-235_belate-1,,MiddleChinese,235_belate,mjonX,mjonX,m j o n X/¹⁵,,Zhang2019,,,^m j o n X$,default
OldChinese-235_belate-1,,OldChinese,235_belate,*morʔ,morʔ,m o r ʔ,,Baxter2014,,,^m o r ʔ$,default
CogtseSitu-235_belate-1,,CogtseSitu,235_belate,tə-mōr,tə+mōr,t ə + m ō r,,Zhang2019,,,^t ə + m ō r$,default
BragbarSitu-235_belate-1,,BragbarSitu,235_belate,tə-mɐ̄r,tə+mɐ̄r,t ə + m ɐ̄ r,,Zhang2019,,,^t ə + m ɐ̄ r$,default
Japhug-235_belate-1,,Japhug,235_belate,tɯ-ɣmɯr,tɯ+ɣmɯr,t ɯ + ɣ m ɯ r,,Zhang2019,,,^t ɯ + ɣ m ɯ r$,default
MiddleChinese-287_theearthworm-1,,MiddleChinese,287_theearthworm,jinX,jinX,j i n X/¹⁵,,Zhang2019,,,^j i n X$,default
OldChinese-287_theearthworm-1,,OldChinese,287_theearthworm,*ɢrərʔ,ɢrərʔ,ɢ r ə r ʔ,,Baxter2014,,,^ɢ r ə r ʔ$,default
Japhug-287_theearthworm-1,,Japhug,287_theearthworm,qa-ndʐe,qa+ndʐe,q a + n ɖʐ e,,Zhang2019,,,^q a + n dʐ e$,default
Tibetan-287_theearthworm-1,,Tibetan,287_theearthworm,srin,srin,s r i n,,Zhang2019,,,^s r i n$,default
MiddleChinese-234_beduskdark-1,,MiddleChinese,234_beduskdark,xwon,xwon,x w o n,,Zhang2019,,,^xw o n$,default
OldChinese-234_beduskdark-1,,OldChinese,234_beduskdark,*m̥ˤun,m̥ˤun,m̥ˤ u n,,Baxter2014,,,^m̥ˤ u n$,default
Japhug-234_beduskdark-1,,Japhug,234_beduskdark,tɯrmɯ,tɯrmɯ,t ɯ r m ɯ,,Zhang2019,,,^t ɯ r m ɯ$,default
Tibetan-234_beduskdark-1,,Tibetan,234_beduskdark,mun-po,mun+po,m u n + p o,,Zhang2019,,,^m u n + p o$,default
MiddleChinese-249_tosmoke-1,,MiddleChinese,249_tosmoke,xjun,xjun,x j u n,,Zhang2019,,,^x j u n$,default
OldChinese-249_tosmoke-1,,OldChinese,249_tosmoke,*qʰun,qʰun,qʰ u n,,Baxter2014,,,^qʰ u n$,default
CogtseSitu-249_tosmoke-1,,CogtseSitu,249_tosmoke,tə-kʰə̂,tə+kʰə̂,t ə + kʰ ə̂,,Zhang2019,,,^t ə + kʰ ə̂$,default
BragbarSitu-249_tosmoke-1,,BragbarSitu,249_tosmoke,ta-kʰû,ta+kʰû,t a + kʰ û,,Zhang2019,,,^t a + kʰ û$,default
Japhug-249_tosmoke-1,,Japhug,249_tosmoke,tɤ-kʰɯ,tɤ+kʰɯ,t ɤ + kʰ ɯ,,Zhang2019,,,^t ɤ + kʰ ɯ$,default
MiddleChinese-262_tostand-1,,MiddleChinese,262_tostand,lip,lip,l i p,,Zhang2019,,,^l i p$,default
OldChinese-262_tostand-1,,OldChinese,262_tostand,*krəp,krəp,k r ə p,,Baxter2014,,,^k r ə p$,default
CogtseSitu-262_tostand-1,,CogtseSitu,262_tostand,ka-rjāp,ka+rjāp,k a + r j ā p,,Zhang2019,,,^k a + r j ā p$,default
BragbarSitu-262_tostand-1,,BragbarSitu,262_tostand,ka-rɟēp,ka+rɟēp,k a + r ɟ ē p,,Zhang2019,,,^k a + r ɟ ē p$,default
MiddleChinese-243_toscoopwater-1,,MiddleChinese,243_toscoopwater,kip,kip,k i p,,Zhang2019,,,^k i p$,default
OldChinese-243_toscoopwater-1,,OldChinese,243_toscoopwater,**kəp,kəp,k ə p,,Baxter2014,,,^k ə p$,default
BragbarSitu-243_toscoopwater-1,,BragbarSitu,243_toscoopwater,ka-kiɛ̄p,ka+kiɛ̄p,k a + k i ɛ̄ p,,Zhang2019,,,^k a + k i ɛ̄ p$,default
Japhug-243_toscoopwater-1,,Japhug,243_toscoopwater,kaβ,kaβ,k a β,,Zhang2019,,,^k a β$,default
MiddleChinese-303_thejawchin-1,,MiddleChinese,303_thejawchin,ɣomX,ɣomX,ɣ o m X/¹⁵,,Zhang2019,,,^ɣ o m X$,default
OldChinese-303_thejawchin-1,,OldChinese,303_thejawchin,*ɢˤəmʔ,ɢˤəmʔ,ɢˤ ə m ʔ,,Baxter2014,,,^ɢˤ ə m ʔ$,default
Japhug-303_thejawchin-1,,Japhug,303_thejawchin,ta-mɢom,ta+mɢom,t a + m ɢ o m,,Zhang2019,,,^t a + m ɢ o m$,default
MiddleChinese-237_pillow-1,,MiddleChinese,237_pillow,tɕimX,tɕimX,tɕ i m X/¹⁵,,Zhang2019,,,^tɕ i m X$,default
OldChinese-237_pillow-1,,OldChinese,237_pillow,*tkəmʔ,tkəmʔ,t k ə m ʔ,,Baxter2014,,,^t k ə m ʔ$,default
BragbarSitu-237_pillow-1,,BragbarSitu,237_pillow,tə-mkə̂m,tə+mkə̂m,t ə + m k ə̂ m,,Zhang2019,,,^t ə + m k ə̂ m$,default
Japhug-237_pillow-1,,Japhug,237_pillow,tɤ-mkɯm,tɤ+mkɯm,t ɤ + m k ɯ m,,Zhang2019,,,^t ɤ + m k ɯ m$,default
MiddleChinese-190_three-1,,MiddleChinese,190_three,sam,sam,s a m,,Zhang2019,,,^s a m$,default
OldChinese-190_three-1,,OldChinese,190_three,*srum,srum,s r u m,,Baxter2014,,,^s r u m$,default
CogtseSitu-190_three-1,,CogtseSitu,190_three,kəsâm,kəsâm,k ə s â m,,Zhang2019,,,^k ə s â m$,default
BragbarSitu-190_three-1,,BragbarSitu,190_three,kəsə̂m,kəsə̂m,k ə s ə̂ m,,Zhang2019,,,^k ə s ə̂ m$,default
Japhug-190_three-1,,Japhug,190_three,χsɯm,χsɯm,χ s ɯ m,,Zhang2019,,,^χs ɯ m$,default
Tibetan-190_three-1,,Tibetan,190_three,gsum,gsum,g s u m,,Zhang2019,,,^gs u m$,default
MiddleChinese-205_theroot-1,,MiddleChinese,205_theroot,ʂim,ʂim,ʂ i m,,Zhang2019,,,^ʂ i m$,default
OldChinese-205_theroot-1,,OldChinese,205_theroot,*srum,srum,s r u m,,Baxter2014,,,^s r u m$,default
CogtseSitu-205_theroot-1,,CogtseSitu,205_theroot,tɐ-srɐ̂m,tɐ+srɐ̂m,t ɐ + s r ɐ̂ m,,Zhang2019,,,^t ɐ + s r ɐ̂ m$,default
BragbarSitu-205_theroot-1,,BragbarSitu,205_theroot,ta-srâm,ta+srâm,t a + s r â m,,Zhang2019,,,^t a + s r â m$,default
Japhug-205_theroot-1,,Japhug,205_theroot,tɤ-zrɤm,tɤ+zrɤm,t ɤ + z r ɤ m,,Zhang2019,,,^t ɤ + z r ɤ m$,default
MiddleChinese-298_theneedle-1,,MiddleChinese,298_theneedle,tɕim,tɕim,tɕ i m,,Zhang2019,,,^tɕ i m$,default
OldChinese-298_theneedle-1,,OldChinese,298_theneedle,*tkəm,tkəm,t k ə m,,Baxter2014,,,^t k ə m$,default
CogtseSitu-298_theneedle-1,,CogtseSitu,298_theneedle,ta-kāp,ta+kāp,t a + k ā p,,Zhang2019,,,^t a + k ā p$,default
BragbarSitu-298_theneedle-1,,BragbarSitu,298_theneedle,ta-wiɛ̄p,ta+wiɛ̄p,t a + w i ɛ̄ p,,Zhang2019,,,^t a + w i ɛ̄ p$,default
Japhug-298_theneedle-1,,Japhug,298_theneedle,ta-qaβ,ta+qaβ,t a + q a β,,Zhang2019,,,^t a + q a β$,default
Tibetan-298_theneedle-1,,Tibetan,298_theneedle,khab,khab,kʰ a b,,Zhang2019,,,^kh a b$,default
MiddleChinese-299_bedarkcloudy-1,,MiddleChinese,299_bedarkcloudy,ʔim,ʔim,ʔ i m,,Zhang2019,,,^ʔ i m$,default
OldChinese-299_bedarkcloudy-1,,OldChinese,299_bedarkcloudy,*qrum,qrum,q r u m,,Baxter2014,,,^q r u m$,default
BragbarSitu-299_bedarkcloudy-1,,BragbarSitu,299_bedarkcloudy,ta-ncâp,ta+ncâp,t a + n c â p,,Zhang2019,,,^t a + n c â p$,default
Japhug-299_bedarkcloudy-1,,Japhug,299_bedarkcloudy,ɴqiaβ,ɴqiaβ,ɴ q i a β,,Zhang2019,,,^ɴ q i a β$,default
MiddleChinese-248_thebear-1,,MiddleChinese,248_thebear,hjuwŋ,hjuwŋ,h j u w ŋ,,Zhang2019,,,^h j u w ŋ$,default
OldChinese-248_thebear-1,,OldChinese,248_thebear,*Cɢwrəm,Cɢwrəm,ɢ w r ə m,,Baxter2014,,,^C ɢw r ə m$,default
CogtseSitu-248_thebear-1,,CogtseSitu,248_thebear,təwām,təwām,t ə w ā m,,Zhang2019,,,^t ə w ā m$,default
BragbarSitu-248_thebear-1,,BragbarSitu,248_thebear,təwām,təwām,t ə w ā m,,Zhang2019,,,^t ə w ā m$,default
Tibetan-248_thebear-1,,Tibetan,248_thebear,dom,dom,d o m,,Zhang2019,,,^d o m$,default
MiddleChinese-238_theowl-1,,MiddleChinese,238_theowl,kew,kew,k e w,,Zhang2019,,,^k e w$,default
OldChinese-238_theowl-1,,OldChinese,238_theowl,**ˤkiw,ˤkiw,ˤk/kˤ i w,,Baxter2014,,,^ˤkiw $,default
CogtseSitu-238_theowl-1,,CogtseSitu,238_theowl,pka-tʃû,pka+tʃû,p k a + tʃ û,,Zhang2019,,,^p k a + tʃ û$,default
BragbarSitu-238_theowl-1,,BragbarSitu,238_theowl,pa-tɕû,pa+tɕû,p a + tɕ û,,Zhang2019,,,^p a + tɕ û$,default
Japhug-238_theowl-1,,Japhug,238_theowl,pɣɤ-tɕɯ,pɣɤ+tɕɯ,p ɣ ɤ + tɕ ɯ,,Zhang2019,,,^p ɣ ɤ + tɕ ɯ$,default
MiddleChinese-250_tofryroast-1,,MiddleChinese,250_tofryroast,ŋaw,ŋaw,ŋ a w,,Zhang2019,,,^ŋ a w$,default
OldChinese-250_tofryroast-1,,OldChinese,250_tofryroast,*ŋˤaw,ŋˤaw,ŋˤ a w,,Baxter2014,,,^ŋˤ a w$,default
CogtseSitu-250_tofryroast-1,,CogtseSitu,250_tofryroast,ka-rŋô,ka+rŋô,k a + r ŋ ô,,Zhang2019,,,^k a + r ŋ ô$,default
BragbarSitu-250_tofryroast-1,,BragbarSitu,250_tofryroast,ka-rŋô,ka+rŋô,k a + r ŋ ô,,Zhang2019,,,^k a + r ŋ ô$,default
Japhug-250_tofryroast-1,,Japhug,250_tofryroast,rŋu,rŋu,r ŋ u,,Zhang2019,,,^r ŋ u$,default
Tibetan-250_tofryroast-1,,Tibetan,250_tofryroast,rngo,rngo,r ŋ o,,Zhang2019,,,^r ng o$,default
MiddleChinese-206_tocommand-1,,MiddleChinese,206_tocommand,ɣawH,ɣawH,ɣ a w H/⁵¹,,Zhang2019,,,^ɣ a w H$,default
OldChinese-206_tocommand-1,,OldChinese,206_tocommand,*gˤaws,gˤaws,gˤ a w s,,Baxter2014,,,^gˤ a w s$,default
CogtseSitu-206_tocommand-1,,CogtseSitu,206_tocommand,ka-ŋa-kʰō,ka+ŋa+kʰō,k a + ŋ a + kʰ ō,,Zhang2019,,,^k a + ŋ a + kʰ ō$,default
BragbarSitu-206_tocommand-1,,BragbarSitu,206_tocommand,kə-okʰō,kə+okʰō,k ə + o kʰ ō,,Zhang2019,,,^k ə + o kʰ ō$,default
Japhug-206_tocommand-1,,Japhug,206_tocommand,akʰu,akʰu,a kʰ u,,Zhang2019,,,^a kʰ u$,default
MiddleChinese-268_thebear-1,,MiddleChinese,268_thebear,pje,pje,p j e,,Zhang2019,,,^p j e$,default
OldChinese-268_thebear-1,,OldChinese,268_thebear,*praj,praj,p r a j,,Baxter2014,,,^p r a j$,default
CogtseSitu-268_thebear-1,,CogtseSitu,268_thebear,prī,prī,p r ī,,Zhang2019,,,^p r ī$,default
BragbarSitu-268_thebear-1,,BragbarSitu,268_thebear,prī,prī,p r ī,,Zhang2019,,,^p r ī$,default
Japhug-268_thebear-1,,Japhug,268_thebear,pri,pri,p r i,,Zhang2019,,,^p r i$,default
MiddleChinese-223_theexcrement-1,,MiddleChinese,223_theexcrement,ɕijX,ɕijX,ɕ i j X/¹⁵,,Zhang2019,,,^ɕ i j X$,default
OldChinese-223_theexcrement-1,,OldChinese,223_theexcrement,*qʰijʔ,qʰijʔ,qʰ i j ʔ,,Baxter2014,,,^qʰ i j ʔ$,default
Japhug-223_theexcrement-1,,Japhug,223_theexcrement,tɯ-qe,tɯ+qe,t ɯ + q e,,Zhang2019,,,^t ɯ + q e$,default
MiddleChinese-264_therice-1,,MiddleChinese,264_therice,mejX,mejX,m e j X/¹⁵,,Zhang2019,,,^m e j X$,default
OldChinese-264_therice-1,,OldChinese,264_therice,*mˤejʔ,mˤejʔ,mˤ e j ʔ,,Baxter2014,,,^mˤ e j ʔ$,default
CogtseSitu-264_therice-1,,CogtseSitu,264_therice,kʰrī,kʰrī,kʰ r ī,,Zhang2019,,,^kʰ r ī$,default
BragbarSitu-264_therice-1,,BragbarSitu,264_therice,kʰrī,kʰrī,kʰ r ī,,Zhang2019,,,^kʰ r ī$,default
Japhug-264_therice-1,,Japhug,264_therice,kʰrɯ-zwa,kʰrɯ+zwa,kʰ r ɯ + z w a,,Zhang2019,,,^kʰ r ɯ + zw a$,default
Tibetan-264_therice-1,,Tibetan,264_therice,khre,khre,kʰ r e,,Zhang2019,,,^kh r e$,default
MiddleChinese-261_thearrow-1,,MiddleChinese,261_thearrow,ɕijX,ɕijX,ɕ i j X/¹⁵,,Zhang2019,,,^ɕ i j X$,default
OldChinese-261_thearrow-1,,OldChinese,261_thearrow,*l̥ijʔ,l̥ijʔ,l̥ i j ʔ,,Baxter2014,,,^l̥ i j ʔ$,default
Japhug-261_thearrow-1,,Japhug,261_thearrow,tɯ-di,tɯ+di,t ɯ + d i,,Zhang2019,,,^t ɯ + d i$,default
MiddleChinese-239_todie-1,,MiddleChinese,239_todie,sijX,sijX,s i j X/¹⁵,,Zhang2019,,,^s i j X$,default
OldChinese-239_todie-1,,OldChinese,239_todie,*sijʔ,sijʔ,s i j ʔ,,Baxter2014,,,^s i j ʔ$,default
CogtseSitu-239_todie-1,,CogtseSitu,239_todie,ka-ʃî,ka+ʃî,k a + ʃ î,,Zhang2019,,,^k a + ʃ î$,default
BragbarSitu-239_todie-1,,BragbarSitu,239_todie,kə-ɕî,kə+ɕî,k ə + ɕ î,,Zhang2019,,,^k ə + ɕ î$,default
Japhug-239_todie-1,,Japhug,239_todie,si,si,s i,,Zhang2019,,,^s i$,default
Tibetan-239_todie-1,,Tibetan,239_todie,shi,shi,ɕ i,,Zhang2019,,,^sh i$,default
MiddleChinese-217_thedeadmother-1,,MiddleChinese,217_thedeadmother,pjijX,pjijX,p j i j X/¹⁵,,Zhang2019,,,^p j i j X$,default
OldChinese-217_thedeadmother-1,,OldChinese,217_thedeadmother,*pijʔs,pijʔs,p i j ʔ s,,Baxter2014,,,^p i j ʔ s$,default
CogtseSitu-217_thedeadmother-1,,CogtseSitu,217_thedeadmother,ta-wî,ta+wî,t a + w î,,Zhang2019,,,^t a + w î$,default
BragbarSitu-217_thedeadmother-1,,BragbarSitu,217_thedeadmother,ta-wî,ta+wî,t a + w î,,Zhang2019,,,^t a + w î$,default
Japhug-217_thedeadmother-1,,Japhug,217_thedeadmother,tɤ-wi,tɤ+wi,t ɤ + w i,,Zhang2019,,,^t ɤ + w i$,default
Tibetan-217_thedeadmother-1,,Tibetan,217_thedeadmother,phyi-mo,phyi+mo,pʰ y i + m o,,Zhang2019,,,^ph y i + m o$,default
MiddleChinese-255_togive-1,,MiddleChinese,255_togive,pjijH,pjijH,p j i j H/⁵¹,,Zhang2019,,,^p j i j H$,default
OldChinese-255_togive-1,,OldChinese,255_togive,*pits,pits,p i ts,,Baxter2014,,,^p i ts$,default
CogtseSitu-255_togive-1,,CogtseSitu,255_togive,kɐ-wû,kɐ+wû,k ɐ + w û,,Zhang2019,,,^k ɐ + w û$,default
BragbarSitu-255_togive-1,,BragbarSitu,255_togive,ka-mbī,ka+mbī,k a + m b ī,,Zhang2019,,,^k a + m b ī$,default
Japhug-255_togive-1,,Japhug,255_togive,mbi,mbi,m b i,,Zhang2019,,,^m b i$,default
Tibetan-255_togive-1,,Tibetan,255_togive,sbyin,sbyin,s b j i n,,Zhang2019,,,^s by i n$,default
MiddleChinese-195_two-1,,MiddleChinese,195_two,ɲijH,ɲijH,ɲ i j H/⁵¹,,Zhang2019,,,^ɲ i j H$,default
OldChinese-195_two-1,,OldChinese,195_two,*nijs,nijs,n i j s,,Baxter2014,,,^n i j s$,default
CogtseSitu-195_two-1,,CogtseSitu,195_two,kənês,kənês,k ə n ê s,,Zhang2019,,,^k ə n ês$,default
BragbarSitu-195_two-1,,BragbarSitu,195_two,kənə̂s,kənə̂s,k ə n ə̂ s,,Zhang2019,,,^k ə n ə̂ s$,default
Japhug-195_two-1,,Japhug,195_two,ʁnɯz,ʁnɯz,ʁ n ɯ z,,Zhang2019,,,^ʁ n ɯ z$,default
Tibetan-195_two-1,,Tibetan,195_two,gnyis,gnyis,g ɲ i s,,Zhang2019,,,^g ny i s$,default
MiddleChinese-260_theeyebrow-1,,MiddleChinese,260_theeyebrow,mij,mij,m i j,,Zhang2019,,,^m i j$,default
OldChinese-260_theeyebrow-1,,OldChinese,260_theeyebrow,*mrər,mrər,m r ə r,,Baxter2014,,,^m r ə r$,default
CogtseSitu-260_theeyebrow-1,,CogtseSitu,260_theeyebrow,ta-rɲê,ta+rɲê,t a + r ɲ ê,,Zhang2019,,,^t a + r ɲ ê$,default
BragbarSitu-260_theeyebrow-1,,BragbarSitu,260_theeyebrow,ta-rɲê,ta+rɲê,t a + r ɲ ê,,Zhang2019,,,^t a + r ɲ ê$,default
Japhug-260_theeyebrow-1,,Japhug,260_theeyebrow,tɤ-rme,tɤ+rme,t ɤ + r m e,,Zhang2019,,,^t ɤ + r m e$,default
MiddleChinese-221_thetail-1,,MiddleChinese,221_thetail,mjɨjX,mjɨjX,m j ɨ j X/¹⁵,,Zhang2019,,,^m j ɨ j X$,default
OldChinese-221_thetail-1,,OldChinese,221_thetail,*məjʔ,məjʔ,m ə j ʔ,,Baxter2014,,,^m ə j ʔ$,default
CogtseSitu-221_thetail-1,,CogtseSitu,221_thetail,ta-jmî,ta+jmî,t a + j m î,,Zhang2019,,,^t a + j m î$,default
BragbarSitu-221_thetail-1,,BragbarSitu,221_thetail,ta-jmî,ta+jmî,t a + j m î,,Zhang2019,,,^t a + j m î$,default
Japhug-221_thetail-1,,Japhug,221_thetail,tɤ-jme,tɤ+jme,t ɤ + j m e,,Zhang2019,,,^t ɤ + j m e$,default
MiddleChinese-296_benear-1,,MiddleChinese,296_benear,nyeX,nyeX,n y e X/¹⁵,,Zhang2019,,,^n y e X$,default
OldChinese-296_benear-1,,OldChinese,296_benear,*nərʔ,nərʔ,n ə r ʔ,,Baxter2014,,,^n ə r ʔ$,default
Japhug-296_benear-1,,Japhug,296_benear,tɯ-ɣɲi,tɯ+ɣɲi,t ɯ + ɣ ɲ i,,Zhang2019,,,^t ɯ + ɣ ɲ i$,default
Tibetan-296_benear-1,,Tibetan,296_benear,nye-ba,nye+ba,n y e + b a,,Zhang2019,,,^n y e + b a$,default
MiddleChinese-247_thefire-1,,MiddleChinese,247_thefire,xwaX,xwaX,x w a X/¹⁵,,Zhang2019,,,^xw a X$,default
OldChinese-247_thefire-1,,OldChinese,247_thefire,*qʷʰˤəjʔ,qʷʰˤəjʔ,qʷʰˤ ə j ʔ,,Baxter2014,,,^qʷʰˤ ə j ʔ$,default
Japhug-247_thefire-1,,Japhug,247_thefire,smi,smi,s m i,,Zhang2019,,,^s m i$,default
Tibetan-247_thefire-1,,Tibetan,247_thefire,me,me,m e,,Zhang2019,,,^m e$,default
MiddleChinese-286_thesnakebrood-1,,MiddleChinese,286_thesnakebrood,xwojX,xwojX,x w o j X/¹⁵,,Zhang2019,,,^xw o j X$,default
OldChinese-286_thesnakebrood-1,,OldChinese,286_thesnakebrood,*r̥ujʔ,r̥ujʔ,r̥ u j ʔ,,Baxter2014,,,^r̥ u j ʔ$,default
CogtseSitu-286_thesnakebrood-1,,CogtseSitu,286_thesnakebrood,kʰa-brē,kʰa+brē,kʰ a + b r ē,,Zhang2019,,,^kʰ a + b r ē$,default
BragbarSitu-286_thesnakebrood-1,,BragbarSitu,286_thesnakebrood,kʰa-prɐ̄j,kʰa+prɐ̄j,kʰ a + p r ɐ̄ j,,Zhang2019,,,^kʰ a + p r ɐ̄ j$,default
Japhug-286_thesnakebrood-1,,Japhug,286_thesnakebrood,qa-pri,qa+pri,q a + p r i,,Zhang2019,,,^q a + p r i$,default
MiddleChinese-282_thepulsebeans-1,,MiddleChinese,282_thepulsebeans,syuwk,syuwk,s y u w k,,Zhang2019,,,^s y u w k$,default
OldChinese-282_thepulsebeans-1,,OldChinese,282_thepulsebeans,*stʰuk,stʰuk,s tʰ u k,,Baxter2014,,,^s tʰ u k$,default
CogtseSitu-282_thepulsebeans-1,,CogtseSitu,282_thepulsebeans,tɐ-stōk,tɐ+stōk,t ɐ + s t ō k,,Zhang2019,,,^t ɐ + s t ō k$,default
BragbarSitu-282_thepulsebeans-1,,BragbarSitu,282_thepulsebeans,ta-stɐ̄k,ta+stɐ̄k,t a + s t ɐ̄ k,,Zhang2019,,,^t a + s t ɐ̄ k$,default
Japhug-282_thepulsebeans-1,,Japhug,282_thepulsebeans,stoʁ,stoʁ,s t o ʁ,,Zhang2019,,,^s t o ʁ$,default
MiddleChinese-305_thehorse-1,,MiddleChinese,305_thehorse,mæX,mæX,m æ X/¹⁵,,Zhang2019,,,^m æ X$,default
OldChinese-305_thehorse-1,,OldChinese,305_thehorse,*mˤraʔ,mˤraʔ,mˤ r a ʔ,,Baxter2014,,,^mˤ r a ʔ$,default
CogtseSitu-305_thehorse-1,,CogtseSitu,305_thehorse,mbrō,mbrō,m b r ō,,Zhang2019,,,^m b r ō$,default
BragbarSitu-305_thehorse-1,,BragbarSitu,305_thehorse,mbrō,mbrō,m b r ō,,Zhang2019,,,^m b r ō$,default
Japhug-305_thehorse-1,,Japhug,305_thehorse,mbro,mbro,m b r o,,Zhang2019,,,^m b r o$,default
MiddleChinese-199_therabbithare-1,,MiddleChinese,199_therabbithare,thuH,thuH,tʰ u H/⁵¹,,Zhang2019,,,^th u H$,default
OldChinese-199_therabbithare-1,,OldChinese,199_therabbithare,*l̥ˤas,l̥ˤas,l̥ˤ a s,,Baxter2014,,,^l̥ˤ a s$,default
CogtseSitu-199_therabbithare-1,,CogtseSitu,199_therabbithare,ka-lā,ka+lā,k a + l ā,,Zhang2019,,,^k a + l ā$,default
BragbarSitu-199_therabbithare-1,,BragbarSitu,199_therabbithare,ka-liɛ̄,ka+liɛ̄,k a + l i ɛ̄,,Zhang2019,,,^k a + l i ɛ̄$,default
Japhug-199_therabbithare-1,,Japhug,199_therabbithare,qa-la,qa+la,q a + l a,,Zhang2019,,,^q a + l a$,default
